Arrival_Time,Departure_Time,Charging_Time,Casting_Time,Slag_Removal_Time,CoolDown_Time,Turnaround_Time,Waiting_Time,Idle_Time,Down_Time,Label
2023-01-05 23:37:02.967785,2023-01-06 06:25:02.967785,0 days 02:27:00,0 days 01:04:00,0 days 00:34:00,0 days 02:43:00,0 days 06:48:00,0 days,0 days,0 days,0
2023-04-13 23:37:02.965480,2023-04-14 08:41:02.965480,0 days 01:38:00,0 days 02:39:00,0 days 00:48:00,0 days 03:59:00,0 days 09:04:00,0 days,0 days,0 days,0
2023-10-01 23:37:02.967889,2023-10-02 05:06:02.967889,0 days 00:41:00,0 days 01:31:00,0 days 00:46:00,0 days 02:31:00,0 days 05:29:00,0 days,0 days,0 days,0
2023-12-18 23:37:02.966137,2023-12-19 07:29:02.966137,0 days 02:59:00,0 days 01:59:00,0 days 00:43:00,0 days 02:11:00,0 days 07:52:00,0 days,0 days,0 days,0
2023-10-26 23:37:02.965729,2023-10-27 08:40:02.965729,0 days 02:53:00,0 days 04:34:00,0 days 00:25:00,0 days 01:11:00,0 days 09:03:00,0 days,0 days,0 days,0
2023-06-29 23:37:02.968045,2023-06-30 06:51:02.968045,0 days 01:56:00,0 days 02:40:00,0 days 00:22:00,0 days 02:16:00,0 days 07:14:00,0 days,0 days,0 days,0
2023-12-14 23:37:02.967913,2023-12-15 06:05:02.967913,0 days 00:39:00,0 days 02:28:00,0 days 00:16:00,0 days 03:05:00,0 days 06:28:00,0 days,0 days,0 days,0
2023-08-30 23:37:02.965889,2023-08-31 07:22:02.965889,0 days 01:49:00,0 days 02:34:00,0 days 00:25:00,0 days 02:57:00,0 days 07:45:00,0 days,0 days,0 days,0
2023-08-15 23:37:02.965439,2023-08-16 10:21:02.965439,0 days 01:58:00,0 days 04:51:00,0 days 00:59:00,0 days 02:56:00,0 days 10:44:00,0 days,0 days,0 days,0
2023-03-05 23:37:02.968481,2023-03-06 05:22:02.968481,0 days 01:30:00,0 days 02:00:00,0 days 00:48:00,0 days 01:27:00,0 days 05:45:00,0 days,0 days,0 days,0
2023-10-30 23:37:02.964959,2023-10-31 05:20:02.964959,0 days 00:31:00,0 days 03:13:00,0 days 00:56:00,0 days 01:03:00,0 days 05:43:00,0 days,0 days,0 days,0
2023-01-23 23:37:02.966448,2023-01-24 07:05:02.966448,0 days 01:54:00,0 days 03:26:00,0 days 00:33:00,0 days 01:35:00,0 days 07:28:00,0 days,0 days,0 days,0
2023-02-07 23:37:02.968138,2023-02-08 07:56:02.968138,0 days 02:23:00,0 days 01:21:00,0 days 00:44:00,0 days 03:51:00,0 days 08:19:00,0 days,0 days,0 days,0
2023-07-20 23:37:02.965571,2023-07-21 03:43:02.965571,0 days 01:06:00,0 days 01:11:00,0 days 00:27:00,0 days 01:22:00,0 days 04:06:00,0 days,0 days,0 days,0
2023-04-07 23:37:02.967865,2023-04-08 06:54:02.967865,0 days 00:54:00,0 days 01:53:00,0 days 00:47:00,0 days 03:43:00,0 days 07:17:00,0 days,0 days,0 days,0
2023-04-07 23:37:02.967998,2023-04-08 07:26:02.967998,0 days 00:55:00,0 days 04:15:00,0 days 00:48:00,0 days 01:51:00,0 days 07:49:00,0 days,0 days,0 days,0
2023-12-11 23:37:02.968849,2023-12-12 09:42:02.968849,0 days 01:45:00,0 days 04:01:00,0 days 00:26:00,0 days 03:53:00,0 days 10:05:00,0 days,0 days,0 days,0
2023-08-28 23:37:02.965135,2023-08-29 08:58:02.965135,0 days 01:50:00,0 days 04:06:00,0 days 00:16:00,0 days 03:09:00,0 days 09:21:00,0 days,0 days,0 days,0
2022-12-26 23:37:02.967425,2022-12-27 08:08:02.967425,0 days 01:55:00,0 days 03:54:00,0 days 00:48:00,0 days 01:54:00,0 days 08:31:00,0 days,0 days,0 days,0
2023-11-17 23:37:02.968153,2023-11-18 06:45:02.968153,0 days 01:08:00,0 days 01:11:00,0 days 00:55:00,0 days 03:54:00,0 days 07:08:00,0 days,0 days,0 days,0
2023-05-11 23:37:02.968809,2023-05-12 07:16:02.968809,0 days 01:37:00,0 days 04:39:00,0 days 00:22:00,0 days 01:01:00,0 days 07:39:00,0 days,0 days,0 days,0
2022-12-23 23:37:02.968817,2022-12-24 07:51:02.968817,0 days 01:55:00,0 days 03:48:00,0 days 00:30:00,0 days 02:01:00,0 days 08:14:00,0 days,0 days,0 days,0
2023-04-30 23:37:02.967136,2023-05-01 08:27:02.967136,0 days 01:46:00,0 days 02:55:00,0 days 00:40:00,0 days 03:29:00,0 days 08:50:00,0 days,0 days,0 days,0
2023-01-27 23:37:02.967745,2023-01-28 04:54:02.967745,0 days 00:31:00,0 days 02:41:00,0 days 00:31:00,0 days 01:34:00,0 days 05:17:00,0 days,0 days,0 days,0
2023-07-20 23:37:02.965505,2023-07-21 08:27:02.965505,0 days 02:33:00,0 days 01:32:00,0 days 00:47:00,0 days 03:58:00,0 days 08:50:00,0 days,0 days,0 days,0
2023-06-05 23:37:02.968570,2023-06-06 06:24:02.968570,0 days 00:41:00,0 days 02:13:00,0 days 00:22:00,0 days 03:31:00,0 days 06:47:00,0 days,0 days,0 days,0
2023-05-01 23:37:02.968865,2023-05-02 06:44:02.968865,0 days 01:07:00,0 days 01:19:00,0 days 00:43:00,0 days 03:58:00,0 days 07:07:00,0 days,0 days,0 days,0
2023-04-24 23:37:02.966587,2023-04-25 10:08:02.966587,0 days 01:50:00,0 days 04:09:00,0 days 00:59:00,0 days 03:33:00,0 days 10:31:00,0 days,0 days,0 days,0
2023-07-12 23:37:02.965705,2023-07-13 07:48:02.965705,0 days 01:16:00,0 days 03:28:00,0 days 00:30:00,0 days 02:57:00,0 days 08:11:00,0 days,0 days,0 days,0
2023-03-19 23:37:02.967570,2023-03-20 10:43:02.967570,0 days 02:34:00,0 days 04:15:00,0 days 00:41:00,0 days 03:36:00,0 days 11:06:00,0 days,0 days,0 days,0
2023-10-05 23:37:02.968684,2023-10-06 08:22:02.968684,0 days 02:37:00,0 days 03:29:00,0 days 00:31:00,0 days 02:08:00,0 days 08:45:00,0 days,0 days,0 days,0
2023-07-14 23:37:02.967586,2023-07-15 07:42:02.967586,0 days 01:46:00,0 days 03:11:00,0 days 00:40:00,0 days 02:28:00,0 days 08:05:00,0 days,0 days,0 days,0
2023-02-06 23:37:02.968402,2023-02-07 06:38:02.968402,0 days 01:26:00,0 days 01:30:00,0 days 00:34:00,0 days 03:31:00,0 days 07:01:00,0 days,0 days,0 days,0
2023-03-07 23:37:02.966281,2023-03-08 04:32:02.966281,0 days 01:20:00,0 days 01:28:00,0 days 00:28:00,0 days 01:39:00,0 days 04:55:00,0 days,0 days,0 days,0
2023-09-10 23:37:02.964890,2023-09-11 08:29:02.964890,0 days 02:40:00,0 days 03:29:00,0 days 00:16:00,0 days 02:27:00,0 days 08:52:00,0 days,0 days,0 days,0
2023-03-02 23:37:02.967562,2023-03-03 06:23:02.967562,0 days 00:44:00,0 days 02:07:00,0 days 00:35:00,0 days 03:20:00,0 days 06:46:00,0 days,0 days,0 days,0
2023-12-01 23:37:02.968161,2023-12-02 07:47:02.968161,0 days 02:58:00,0 days 03:05:00,0 days 00:22:00,0 days 01:45:00,0 days 08:10:00,0 days,0 days,0 days,0
2023-07-18 23:37:02.965455,2023-07-19 08:27:02.965455,0 days 01:55:00,0 days 04:04:00,0 days 00:43:00,0 days 02:08:00,0 days 08:50:00,0 days,0 days,0 days,0
2023-07-23 23:37:02.966572,2023-07-24 06:46:02.966572,0 days 00:40:00,0 days 03:43:00,0 days 00:53:00,0 days 01:53:00,0 days 07:09:00,0 days,0 days,0 days,0
2023-03-30 23:37:02.965399,2023-03-31 04:56:02.965399,0 days 02:17:00,0 days 01:04:00,0 days 00:53:00,0 days 01:05:00,0 days 05:19:00,0 days,0 days,0 days,0
2023-12-21 23:37:02.967969,2023-12-22 08:39:02.967969,0 days 01:31:00,0 days 04:38:00,0 days 00:35:00,0 days 02:18:00,0 days 09:02:00,0 days,0 days,0 days,1
2023-07-31 23:37:02.965642,2023-08-01 10:02:02.965642,0 days 02:46:00,0 days 03:57:00,0 days 00:41:00,0 days 03:01:00,0 days 10:25:00,0 days,0 days,0 days,0
2023-05-18 23:37:02.968769,2023-05-19 08:24:02.968769,0 days 01:52:00,0 days 02:49:00,0 days 00:17:00,0 days 03:49:00,0 days 08:47:00,0 days,0 days,0 days,0
2024-01-04 23:37:02.966378,2024-01-05 04:14:02.966378,0 days 00:48:00,0 days 01:17:00,0 days 00:15:00,0 days 02:17:00,0 days 04:37:00,0 days,0 days,0 days,1
2023-04-08 23:37:02.965160,2023-04-09 08:16:02.965160,0 days 01:38:00,0 days 02:55:00,0 days 00:48:00,0 days 03:18:00,0 days 08:39:00,0 days,0 days,0 days,0
2023-09-09 23:37:02.965514,2023-09-10 07:58:02.965514,0 days 01:34:00,0 days 03:40:00,0 days 00:54:00,0 days 02:13:00,0 days 08:21:00,0 days,0 days,0 days,0
2023-09-07 23:37:02.963708,2023-09-08 04:49:02.963708,0 days 00:44:00,0 days 02:46:00,0 days 00:22:00,0 days 01:20:00,0 days 05:12:00,0 days,0 days,0 days,0
2023-01-02 23:37:02.964978,2023-01-03 08:09:02.964978,0 days 01:09:00,0 days 04:32:00,0 days 00:30:00,0 days 02:21:00,0 days 08:32:00,0 days,0 days,0 days,0
2023-11-19 23:37:02.968207,2023-11-20 07:02:02.968207,0 days 02:20:00,0 days 01:24:00,0 days 00:51:00,0 days 02:50:00,0 days 07:25:00,0 days,0 days,0 days,0
2023-05-02 23:37:02.965066,2023-05-03 06:16:02.965066,0 days 00:58:00,0 days 01:35:00,0 days 00:27:00,0 days 03:39:00,0 days 06:39:00,0 days,0 days,0 days,0
2023-01-12 23:37:02.965472,2023-01-13 07:33:02.965472,0 days 01:02:00,0 days 04:41:00,0 days 00:51:00,0 days 01:22:00,0 days 07:56:00,0 days,0 days,0 days,0
2023-09-26 23:37:02.966353,2023-09-27 08:09:02.966353,0 days 02:57:00,0 days 02:57:00,0 days 00:36:00,0 days 02:02:00,0 days 08:32:00,0 days,0 days,0 days,0
2023-03-02 23:37:02.965944,2023-03-03 06:52:02.965944,0 days 02:22:00,0 days 02:38:00,0 days 00:29:00,0 days 01:46:00,0 days 07:15:00,0 days,0 days,0 days,0
2022-12-24 23:37:02.968168,2022-12-25 08:26:02.968168,0 days 01:55:00,0 days 03:29:00,0 days 00:57:00,0 days 02:28:00,0 days 08:49:00,0 days,0 days,0 days,0
2023-07-07 23:37:02.966440,2023-07-08 08:48:02.966440,0 days 02:51:00,0 days 04:42:00,0 days 00:32:00,0 days 01:06:00,0 days 09:11:00,0 days,0 days,0 days,0
2023-03-06 23:37:02.965334,2023-03-07 09:52:02.965334,0 days 02:36:00,0 days 03:34:00,0 days 00:56:00,0 days 03:09:00,0 days 10:15:00,0 days,0 days,0 days,0
2023-12-18 23:37:02.966081,2023-12-19 06:43:02.966081,0 days 01:33:00,0 days 01:37:00,0 days 00:51:00,0 days 03:05:00,0 days 07:06:00,0 days,0 days,0 days,0
2023-06-30 23:37:02.965035,2023-07-01 08:22:02.965035,0 days 01:04:00,0 days 04:12:00,0 days 00:49:00,0 days 02:40:00,0 days 08:45:00,0 days,0 days,0 days,0
2023-12-02 23:37:02.966533,2023-12-03 07:56:02.966533,0 days 02:31:00,0 days 02:15:00,0 days 00:37:00,0 days 02:56:00,0 days 08:19:00,0 days,0 days,0 days,0
2023-11-06 23:37:02.965522,2023-11-07 06:08:02.965522,0 days 02:50:00,0 days 01:11:00,0 days 00:45:00,0 days 01:45:00,0 days 06:31:00,0 days,0 days,0 days,0
2023-06-01 23:37:02.968841,2023-06-02 05:23:02.968841,0 days 01:37:00,0 days 01:34:00,0 days 00:31:00,0 days 02:04:00,0 days 05:46:00,0 days,0 days,0 days,0
2023-11-23 23:37:02.966993,2023-11-24 04:47:02.966993,0 days 00:58:00,0 days 01:03:00,0 days 00:31:00,0 days 02:38:00,0 days 05:10:00,0 days,0 days,0 days,0
2023-09-08 23:37:02.967481,2023-09-09 07:05:02.967481,0 days 01:51:00,0 days 03:20:00,0 days 00:55:00,0 days 01:22:00,0 days 07:28:00,0 days,0 days,0 days,0
2023-09-10 23:37:02.968750,2023-09-11 07:08:02.968750,0 days 01:04:00,0 days 03:26:00,0 days 00:44:00,0 days 02:17:00,0 days 07:31:00,0 days,0 days,0 days,0
2023-04-10 23:37:02.965530,2023-04-11 08:15:02.965530,0 days 01:04:00,0 days 04:34:00,0 days 00:31:00,0 days 02:29:00,0 days 08:38:00,0 days,0 days,0 days,0
2023-01-07 23:37:02.965208,2023-01-08 07:22:02.965208,0 days 01:29:00,0 days 02:52:00,0 days 00:16:00,0 days 03:08:00,0 days 07:45:00,0 days,0 days,0 days,0
2023-11-06 23:37:02.968489,2023-11-07 08:36:02.968489,0 days 01:55:00,0 days 03:56:00,0 days 00:31:00,0 days 02:37:00,0 days 08:59:00,0 days,0 days,0 days,0
2023-02-18 23:37:02.965263,2023-02-19 09:14:02.965263,0 days 02:37:00,0 days 03:15:00,0 days 00:21:00,0 days 03:24:00,0 days 09:37:00,0 days,0 days,0 days,0
2023-04-02 23:37:02.966800,2023-04-03 06:28:02.966800,0 days 00:38:00,0 days 02:38:00,0 days 00:34:00,0 days 03:01:00,0 days 06:51:00,0 days,0 days,0 days,0
2023-08-12 23:37:02.968021,2023-08-13 04:18:02.968021,0 days 01:17:00,0 days 01:28:00,0 days 00:47:00,0 days 01:09:00,0 days 04:41:00,0 days,0 days,0 days,0
2023-07-08 23:37:02.967713,2023-07-09 09:06:02.967713,0 days 02:45:00,0 days 02:36:00,0 days 00:20:00,0 days 03:48:00,0 days 09:29:00,0 days,0 days,0 days,0
2023-03-17 23:37:02.967625,2023-03-18 05:25:02.967625,0 days 02:46:00,0 days 01:25:00,0 days 00:23:00,0 days 01:14:00,0 days 05:48:00,0 days,0 days,0 days,0
2023-05-19 23:37:02.967112,2023-05-20 07:37:02.967112,0 days 01:10:00,0 days 03:24:00,0 days 00:26:00,0 days 03:00:00,0 days 08:00:00,0 days,0 days,0 days,0
2023-01-01 23:37:02.967217,2023-01-02 06:31:02.967217,0 days 01:28:00,0 days 03:10:00,0 days 00:42:00,0 days 01:34:00,0 days 06:54:00,0 days,0 days,0 days,0
2023-08-22 23:37:02.967433,2023-08-23 08:25:02.967433,0 days 02:23:00,0 days 04:29:00,0 days 00:31:00,0 days 01:25:00,0 days 08:48:00,0 days,0 days,0 days,0
2023-03-24 23:37:02.967328,2023-03-25 05:47:02.967328,0 days 02:02:00,0 days 01:09:00,0 days 00:26:00,0 days 02:33:00,0 days 06:10:00,0 days,0 days,0 days,0
2023-03-13 23:37:02.967041,2023-03-14 04:02:02.967041,0 days 00:47:00,0 days 01:14:00,0 days 00:58:00,0 days 01:26:00,0 days 04:25:00,0 days,0 days,0 days,0
2023-03-22 23:37:02.965447,2023-03-23 05:34:02.965447,0 days 01:38:00,0 days 01:21:00,0 days 00:43:00,0 days 02:15:00,0 days 05:57:00,0 days,0 days,0 days,0
2023-10-21 23:37:02.968520,2023-10-22 06:57:02.968520,0 days 01:32:00,0 days 01:48:00,0 days 00:46:00,0 days 03:14:00,0 days 07:20:00,0 days,0 days,0 days,0
2022-12-21 23:37:02.968602,2022-12-22 07:52:02.968602,0 days 02:38:00,0 days 01:07:00,0 days 00:51:00,0 days 03:39:00,0 days 08:15:00,0 days,0 days,0 days,0
2023-01-19 23:37:02.966129,2023-01-20 08:04:02.966129,0 days 02:46:00,0 days 03:41:00,0 days 00:26:00,0 days 01:34:00,0 days 08:27:00,0 days,0 days,0 days,0
2023-05-16 23:37:02.965553,2023-05-17 08:58:02.965553,0 days 02:47:00,0 days 02:40:00,0 days 00:23:00,0 days 03:31:00,0 days 09:21:00,0 days,0 days,0 days,0
2023-05-21 23:37:02.968700,2023-05-22 10:27:02.968700,0 days 01:35:00,0 days 04:46:00,0 days 00:54:00,0 days 03:35:00,0 days 10:50:00,0 days,0 days,0 days,0
2023-01-29 23:37:02.966271,2023-01-30 06:21:02.966271,0 days 01:06:00,0 days 02:11:00,0 days 00:56:00,0 days 02:31:00,0 days 06:44:00,0 days,0 days,0 days,0
2023-10-07 23:37:02.967465,2023-10-08 08:09:02.967465,0 days 01:58:00,0 days 03:55:00,0 days 00:27:00,0 days 02:12:00,0 days 08:32:00,0 days,0 days,0 days,0
2023-11-10 23:37:02.965618,2023-11-11 09:07:02.965618,0 days 01:11:00,0 days 04:05:00,0 days 00:53:00,0 days 03:21:00,0 days 09:30:00,0 days,0 days,0 days,0
2023-06-22 23:37:02.966337,2023-06-23 07:59:02.966337,0 days 01:57:00,0 days 03:40:00,0 days 00:43:00,0 days 02:02:00,0 days 08:22:00,0 days,0 days,0 days,0
2023-06-18 23:37:02.968199,2023-06-19 07:35:02.968199,0 days 02:27:00,0 days 01:18:00,0 days 00:37:00,0 days 03:36:00,0 days 07:58:00,0 days,0 days,0 days,0
2023-08-15 23:37:02.967393,2023-08-16 07:07:02.967393,0 days 01:19:00,0 days 01:28:00,0 days 00:53:00,0 days 03:50:00,0 days 07:30:00,0 days,0 days,0 days,0
2023-11-03 23:37:02.967120,2023-11-04 06:26:02.967120,0 days 01:49:00,0 days 01:53:00,0 days 00:36:00,0 days 02:31:00,0 days 06:49:00,0 days,0 days,0 days,0
2023-09-09 23:37:02.967944,2023-09-10 09:31:02.967944,0 days 01:21:00,0 days 04:40:00,0 days 00:50:00,0 days 03:03:00,0 days 09:54:00,0 days,0 days,0 days,0
2023-08-07 23:37:02.968659,2023-08-08 09:35:02.968659,0 days 02:30:00,0 days 03:18:00,0 days 00:16:00,0 days 03:54:00,0 days 09:58:00,0 days,0 days,0 days,0
2023-04-15 23:37:02.967792,2023-04-16 06:34:02.967792,0 days 02:30:00,0 days 01:29:00,0 days 00:35:00,0 days 02:23:00,0 days 06:57:00,0 days,0 days,0 days,0
2023-01-14 23:37:02.967488,2023-01-15 07:31:02.967488,0 days 02:38:00,0 days 02:27:00,0 days 00:21:00,0 days 02:28:00,0 days 07:54:00,0 days,0 days,0 days,0
2023-02-03 23:37:02.968332,2023-02-04 09:54:02.968332,0 days 01:16:00,0 days 04:22:00,0 days 00:59:00,0 days 03:40:00,0 days 10:17:00,0 days,0 days,0 days,0
2023-03-01 23:37:02.967672,2023-03-02 06:14:02.967672,0 days 00:40:00,0 days 03:17:00,0 days 00:23:00,0 days 02:17:00,0 days 06:37:00,0 days,0 days,0 days,0
2023-05-16 23:37:02.965586,2023-05-17 08:30:02.965586,0 days 00:48:00,0 days 03:56:00,0 days 00:50:00,0 days 03:19:00,0 days 08:53:00,0 days,0 days,0 days,0
2023-12-03 23:37:02.965497,2023-12-04 07:56:02.965497,0 days 00:31:00,0 days 04:39:00,0 days 00:46:00,0 days 02:23:00,0 days 08:19:00,0 days,0 days,0 days,0
2022-12-28 23:37:02.968386,2022-12-29 05:46:02.968386,0 days 00:33:00,0 days 03:05:00,0 days 00:53:00,0 days 01:38:00,0 days 06:09:00,0 days,0 days,0 days,0
2023-07-09 23:37:02.965011,2023-07-10 05:49:02.965011,0 days 02:32:00,0 days 01:04:00,0 days 00:56:00,0 days 01:40:00,0 days 06:12:00,0 days,0 days,0 days,0
2022-12-31 23:37:02.966885,2023-01-01 07:55:02.966885,0 days 01:17:00,0 days 03:48:00,0 days 00:27:00,0 days 02:46:00,0 days 08:18:00,0 days,0 days,0 days,0
2023-10-02 23:37:02.968348,2023-10-03 09:08:02.968348,0 days 02:12:00,0 days 03:16:00,0 days 00:40:00,0 days 03:23:00,0 days 09:31:00,0 days,0 days,0 days,0
2023-08-10 23:37:02.965043,2023-08-11 09:07:02.965043,0 days 02:51:00,0 days 02:42:00,0 days 00:41:00,0 days 03:16:00,0 days 09:30:00,0 days,0 days,0 days,0
2023-04-18 23:37:02.967473,2023-04-19 07:54:02.967473,0 days 01:37:00,0 days 02:37:00,0 days 00:52:00,0 days 03:11:00,0 days 08:17:00,0 days,0 days,0 days,0
2024-01-03 23:37:02.967554,2024-01-04 06:59:02.967554,0 days 02:26:00,0 days 03:03:00,0 days 00:29:00,0 days 01:24:00,0 days 07:22:00,0 days,0 days,0 days,1
2023-03-21 23:37:02.965342,2023-03-22 08:47:02.965342,0 days 02:46:00,0 days 01:42:00,0 days 00:53:00,0 days 03:49:00,0 days 09:10:00,0 days,0 days,0 days,0
2023-08-11 23:37:02.967304,2023-08-12 07:39:02.967304,0 days 02:54:00,0 days 03:02:00,0 days 00:39:00,0 days 01:27:00,0 days 08:02:00,0 days,0 days,0 days,0
2023-04-18 23:37:02.966729,2023-04-19 08:23:02.966729,0 days 00:45:00,0 days 04:03:00,0 days 00:58:00,0 days 03:00:00,0 days 08:46:00,0 days,0 days,0 days,0
2023-02-20 23:37:02.967544,2023-02-21 08:18:02.967544,0 days 02:32:00,0 days 03:50:00,0 days 00:59:00,0 days 01:20:00,0 days 08:41:00,0 days,0 days,0 days,0
2023-08-14 23:37:02.965952,2023-08-15 07:56:02.965952,0 days 00:43:00,0 days 04:37:00,0 days 00:42:00,0 days 02:17:00,0 days 08:19:00,0 days,0 days,0 days,0
2023-02-22 23:37:02.965993,2023-02-23 07:36:02.965993,0 days 00:42:00,0 days 04:31:00,0 days 00:39:00,0 days 02:07:00,0 days 07:59:00,0 days,0 days,0 days,0
2023-06-16 23:37:02.968269,2023-06-17 09:13:02.968269,0 days 02:34:00,0 days 03:11:00,0 days 00:34:00,0 days 03:17:00,0 days 09:36:00,0 days,0 days,0 days,0
2023-04-24 23:37:02.967578,2023-04-25 10:24:02.967578,0 days 02:45:00,0 days 03:23:00,0 days 00:56:00,0 days 03:43:00,0 days 10:47:00,0 days,0 days,0 days,0
2023-11-05 23:37:02.965090,2023-11-06 08:18:02.965090,0 days 01:44:00,0 days 03:07:00,0 days 00:42:00,0 days 03:08:00,0 days 08:41:00,0 days,0 days,0 days,0
2023-03-31 23:37:02.968594,2023-04-01 06:31:02.968594,0 days 02:18:00,0 days 01:02:00,0 days 00:41:00,0 days 02:53:00,0 days 06:54:00,0 days,0 days,0 days,0
2023-09-07 23:37:02.967144,2023-09-08 07:32:02.967144,0 days 02:12:00,0 days 02:29:00,0 days 00:29:00,0 days 02:45:00,0 days 07:55:00,0 days,0 days,0 days,0
2023-06-16 23:37:02.966870,2023-06-17 06:47:02.966870,0 days 01:09:00,0 days 02:37:00,0 days 00:54:00,0 days 02:30:00,0 days 07:10:00,0 days,0 days,0 days,0
2023-05-07 23:37:02.966793,2023-05-08 04:32:02.966793,0 days 00:32:00,0 days 02:59:00,0 days 00:20:00,0 days 01:04:00,0 days 04:55:00,0 days,0 days,0 days,0
2023-05-11 23:37:02.965835,2023-05-12 08:23:02.965835,0 days 02:54:00,0 days 02:51:00,0 days 00:37:00,0 days 02:24:00,0 days 08:46:00,0 days,0 days,0 days,0
2023-08-21 23:37:02.965232,2023-08-22 08:21:02.965232,0 days 02:25:00,0 days 02:14:00,0 days 00:22:00,0 days 03:43:00,0 days 08:44:00,0 days,0 days,0 days,0
2023-03-12 23:37:02.966659,2023-03-13 06:59:02.966659,0 days 02:44:00,0 days 01:13:00,0 days 00:29:00,0 days 02:56:00,0 days 07:22:00,0 days,0 days,0 days,0
2023-07-23 23:37:02.966304,2023-07-24 08:38:02.966304,0 days 01:22:00,0 days 03:16:00,0 days 00:24:00,0 days 03:59:00,0 days 09:01:00,0 days,0 days,0 days,0
2023-07-30 23:37:02.967457,2023-07-31 06:41:02.967457,0 days 01:38:00,0 days 02:44:00,0 days 00:40:00,0 days 02:02:00,0 days 07:04:00,0 days,0 days,0 days,0
2023-09-16 23:37:02.966121,2023-09-17 08:11:02.966121,0 days 01:38:00,0 days 02:01:00,0 days 00:58:00,0 days 03:57:00,0 days 08:34:00,0 days,0 days,0 days,0
2023-06-25 23:37:02.966744,2023-06-26 08:18:02.966744,0 days 02:51:00,0 days 02:59:00,0 days 00:44:00,0 days 02:07:00,0 days 08:41:00,0 days,0 days,0 days,0
2023-04-12 23:37:02.966713,2023-04-13 07:05:02.966713,0 days 02:50:00,0 days 01:17:00,0 days 00:46:00,0 days 02:35:00,0 days 07:28:00,0 days,0 days,0 days,0
2023-04-02 23:37:02.968222,2023-04-03 07:53:02.968222,0 days 02:41:00,0 days 02:43:00,0 days 00:49:00,0 days 02:03:00,0 days 08:16:00,0 days,0 days,0 days,0
2023-08-13 23:37:02.966525,2023-08-14 05:51:02.966525,0 days 02:09:00,0 days 01:40:00,0 days 00:52:00,0 days 01:33:00,0 days 06:14:00,0 days,0 days,0 days,0
2023-06-07 23:37:02.965905,2023-06-08 06:01:02.965905,0 days 01:30:00,0 days 03:01:00,0 days 00:33:00,0 days 01:20:00,0 days 06:24:00,0 days,0 days,0 days,0
2023-08-24 23:37:02.967528,2023-08-25 06:05:02.967528,0 days 00:41:00,0 days 03:12:00,0 days 00:48:00,0 days 01:47:00,0 days 06:28:00,0 days,0 days,0 days,0
2023-05-13 23:37:02.965143,2023-05-14 07:49:02.965143,0 days 02:38:00,0 days 03:26:00,0 days 00:16:00,0 days 01:52:00,0 days 08:12:00,0 days,0 days,0 days,0
2023-08-08 23:37:02.965802,2023-08-09 08:30:02.965802,0 days 00:52:00,0 days 04:48:00,0 days 00:51:00,0 days 02:22:00,0 days 08:53:00,0 days,0 days,0 days,0
2023-11-24 23:37:02.968642,2023-11-25 08:19:02.968642,0 days 00:54:00,0 days 03:27:00,0 days 00:48:00,0 days 03:33:00,0 days 08:42:00,0 days,0 days,0 days,0
2023-02-06 23:37:02.967064,2023-02-07 08:20:02.967064,0 days 02:57:00,0 days 01:45:00,0 days 00:29:00,0 days 03:32:00,0 days 08:43:00,0 days,0 days,0 days,0
2023-09-09 23:37:02.966018,2023-09-10 05:21:02.966018,0 days 00:55:00,0 days 02:03:00,0 days 00:48:00,0 days 01:58:00,0 days 05:44:00,0 days,0 days,0 days,0
2023-04-16 23:37:02.965350,2023-04-17 06:18:02.965350,0 days 01:19:00,0 days 03:32:00,0 days 00:38:00,0 days 01:12:00,0 days 06:41:00,0 days,0 days,0 days,0
2023-09-22 23:37:02.966433,2023-09-23 08:11:02.966433,0 days 02:29:00,0 days 01:45:00,0 days 00:57:00,0 days 03:23:00,0 days 08:34:00,0 days,0 days,0 days,0
2023-11-04 23:37:02.965082,2023-11-05 07:16:02.965082,0 days 02:43:00,0 days 01:27:00,0 days 00:42:00,0 days 02:47:00,0 days 07:39:00,0 days,0 days,0 days,0
2023-11-01 23:37:02.965027,2023-11-02 09:12:02.965027,0 days 01:31:00,0 days 04:35:00,0 days 00:51:00,0 days 02:38:00,0 days 09:35:00,0 days,0 days,0 days,0
2023-06-07 23:37:02.967017,2023-06-08 08:39:02.967017,0 days 02:01:00,0 days 04:40:00,0 days 00:35:00,0 days 01:46:00,0 days 09:02:00,0 days,0 days,0 days,0
2023-10-22 23:37:02.965423,2023-10-23 07:47:02.965423,0 days 02:26:00,0 days 02:01:00,0 days 00:37:00,0 days 03:06:00,0 days 08:10:00,0 days,0 days,0 days,0
2022-12-21 23:37:02.966564,2022-12-22 05:44:02.966564,0 days 01:05:00,0 days 02:54:00,0 days 00:40:00,0 days 01:28:00,0 days 06:07:00,0 days,0 days,0 days,0
2023-08-13 23:37:02.968717,2023-08-14 06:40:02.968717,0 days 00:33:00,0 days 04:05:00,0 days 00:39:00,0 days 01:46:00,0 days 07:03:00,0 days,0 days,0 days,0
2023-06-08 23:37:02.965650,2023-06-09 07:47:02.965650,0 days 01:52:00,0 days 03:15:00,0 days 00:59:00,0 days 02:04:00,0 days 08:10:00,0 days,0 days,0 days,0
2023-04-05 23:37:02.966918,2023-04-06 03:24:02.966918,0 days 00:41:00,0 days 01:38:00,0 days 00:16:00,0 days 01:12:00,0 days 03:47:00,0 days,0 days,0 days,0
2022-12-27 23:37:02.967025,2022-12-28 07:07:02.967025,0 days 00:35:00,0 days 03:26:00,0 days 00:19:00,0 days 03:10:00,0 days 07:30:00,0 days,0 days,0 days,0
2023-01-26 23:37:02.965074,2023-01-27 07:04:02.965074,0 days 01:55:00,0 days 01:27:00,0 days 00:16:00,0 days 03:49:00,0 days 07:27:00,0 days,0 days,0 days,0
2023-05-10 23:37:02.966674,2023-05-11 10:16:02.966674,0 days 02:55:00,0 days 04:06:00,0 days 00:56:00,0 days 02:42:00,0 days 10:39:00,0 days,0 days,0 days,0
2023-11-16 23:37:02.966985,2023-11-17 07:26:02.966985,0 days 01:48:00,0 days 03:39:00,0 days 00:25:00,0 days 01:57:00,0 days 07:49:00,0 days,0 days,0 days,0
2023-03-21 23:37:02.968294,2023-03-22 06:20:02.968294,0 days 00:33:00,0 days 04:40:00,0 days 00:28:00,0 days 01:02:00,0 days 06:43:00,0 days,0 days,0 days,0
2023-06-12 23:37:02.964921,2023-06-13 05:51:02.964921,0 days 01:20:00,0 days 02:47:00,0 days 00:17:00,0 days 01:50:00,0 days 06:14:00,0 days,0 days,0 days,0
2023-04-04 23:37:02.965827,2023-04-05 08:40:02.965827,0 days 00:41:00,0 days 04:12:00,0 days 00:58:00,0 days 03:12:00,0 days 09:03:00,0 days,0 days,0 days,0
2023-07-09 23:37:02.965256,2023-07-10 04:34:02.965256,0 days 01:37:00,0 days 01:32:00,0 days 00:28:00,0 days 01:20:00,0 days 04:57:00,0 days,0 days,0 days,0
2023-11-21 23:37:02.965018,2023-11-22 04:49:02.965018,0 days 01:41:00,0 days 01:11:00,0 days 00:48:00,0 days 01:32:00,0 days 05:12:00,0 days,0 days,0 days,0
2023-02-25 23:37:02.968578,2023-02-26 05:51:02.968578,0 days 01:54:00,0 days 02:11:00,0 days 00:23:00,0 days 01:46:00,0 days 06:14:00,0 days,0 days,0 days,0
2022-12-30 23:37:02.967753,2022-12-31 05:28:02.967753,0 days 02:25:00,0 days 01:07:00,0 days 00:36:00,0 days 01:43:00,0 days 05:51:00,0 days,0 days,0 days,0
2024-01-16 23:37:02.964902,2024-01-17 06:30:02.964902,0 days 00:50:00,0 days 03:40:00,0 days 00:26:00,0 days 01:57:00,0 days 06:53:00,0 days,0 days,0 days,1
2023-06-04 23:37:02.966642,2023-06-05 05:13:02.966642,0 days 01:58:00,0 days 01:11:00,0 days 00:29:00,0 days 01:58:00,0 days 05:36:00,0 days,0 days,0 days,0
2023-12-09 23:37:02.968130,2023-12-10 10:29:02.968130,0 days 02:55:00,0 days 04:02:00,0 days 00:23:00,0 days 03:32:00,0 days 10:52:00,0 days,0 days,0 days,0
2023-07-29 23:37:02.965373,2023-07-30 05:45:02.965373,0 days 01:35:00,0 days 01:31:00,0 days 00:37:00,0 days 02:25:00,0 days 06:08:00,0 days,0 days,0 days,0
2023-10-15 23:37:02.965777,2023-10-16 05:23:02.965777,0 days 00:40:00,0 days 02:24:00,0 days 00:40:00,0 days 02:02:00,0 days 05:46:00,0 days,0 days,0 days,0
2023-08-05 23:37:02.967441,2023-08-06 07:06:02.967441,0 days 02:22:00,0 days 02:15:00,0 days 00:41:00,0 days 02:11:00,0 days 07:29:00,0 days,0 days,0 days,0
2023-07-14 23:37:02.968309,2023-07-15 08:34:02.968309,0 days 01:29:00,0 days 03:26:00,0 days 00:33:00,0 days 03:29:00,0 days 08:57:00,0 days,0 days,0 days,0
2023-04-30 23:37:02.965127,2023-05-01 07:17:02.965127,0 days 01:31:00,0 days 04:05:00,0 days 00:26:00,0 days 01:38:00,0 days 07:40:00,0 days,0 days,0 days,0
2023-01-04 23:37:02.968378,2023-01-05 05:51:02.968378,0 days 01:18:00,0 days 03:28:00,0 days 00:24:00,0 days 01:04:00,0 days 06:14:00,0 days,0 days,0 days,0
2023-08-08 23:37:02.968651,2023-08-09 07:59:02.968651,0 days 00:38:00,0 days 02:55:00,0 days 00:52:00,0 days 03:57:00,0 days 08:22:00,0 days,0 days,0 days,0
2023-03-11 23:37:02.965103,2023-03-12 08:23:02.965103,0 days 02:25:00,0 days 04:24:00,0 days 00:55:00,0 days 01:02:00,0 days 08:46:00,0 days,0 days,0 days,0
2023-12-05 23:37:02.964940,2023-12-06 05:23:02.964940,0 days 00:38:00,0 days 02:29:00,0 days 00:16:00,0 days 02:23:00,0 days 05:46:00,0 days,0 days,0 days,0
2023-11-27 23:37:02.968504,2023-11-28 07:36:02.968504,0 days 01:35:00,0 days 02:13:00,0 days 00:48:00,0 days 03:23:00,0 days 07:59:00,0 days,0 days,0 days,0
2023-11-03 23:37:02.965760,2023-11-04 06:46:02.965760,0 days 02:43:00,0 days 02:21:00,0 days 00:19:00,0 days 01:46:00,0 days 07:09:00,0 days,0 days,0 days,0
2023-08-13 23:37:02.965192,2023-08-14 09:20:02.965192,0 days 02:13:00,0 days 03:08:00,0 days 00:25:00,0 days 03:57:00,0 days 09:43:00,0 days,0 days,0 days,0
2023-05-20 23:37:02.966152,2023-05-21 08:32:02.966152,0 days 01:52:00,0 days 03:02:00,0 days 00:28:00,0 days 03:33:00,0 days 08:55:00,0 days,0 days,0 days,0
2023-02-14 23:37:02.968801,2023-02-15 08:57:02.968801,0 days 01:22:00,0 days 04:46:00,0 days 00:55:00,0 days 02:17:00,0 days 09:20:00,0 days,0 days,0 days,0
2023-10-14 23:37:02.965843,2023-10-15 07:59:02.965843,0 days 02:12:00,0 days 03:45:00,0 days 00:48:00,0 days 01:37:00,0 days 08:22:00,0 days,0 days,0 days,0
2023-07-27 23:37:02.965810,2023-07-28 04:58:02.965810,0 days 02:19:00,0 days 01:00:00,0 days 00:59:00,0 days 01:03:00,0 days 05:21:00,0 days,0 days,0 days,0
2023-01-07 23:37:02.966296,2023-01-08 06:19:02.966296,0 days 01:26:00,0 days 01:00:00,0 days 00:54:00,0 days 03:22:00,0 days 06:42:00,0 days,0 days,0 days,0
2023-11-24 23:37:02.967881,2023-11-25 08:02:02.967881,0 days 02:45:00,0 days 03:28:00,0 days 00:48:00,0 days 01:24:00,0 days 08:25:00,0 days,0 days,0 days,0
2023-07-22 23:37:02.966345,2023-07-23 09:13:02.966345,0 days 02:23:00,0 days 04:32:00,0 days 00:21:00,0 days 02:20:00,0 days 09:36:00,0 days,0 days,0 days,0
2023-05-10 23:37:02.966049,2023-05-11 06:06:02.966049,0 days 01:44:00,0 days 01:03:00,0 days 00:29:00,0 days 03:13:00,0 days 06:29:00,0 days,0 days,0 days,0
2023-08-07 23:37:02.967849,2023-08-08 06:52:02.967849,0 days 00:36:00,0 days 03:59:00,0 days 00:28:00,0 days 02:12:00,0 days 07:15:00,0 days,0 days,0 days,0
2023-08-28 23:37:02.968013,2023-08-29 07:33:02.968013,0 days 00:46:00,0 days 02:59:00,0 days 00:23:00,0 days 03:48:00,0 days 07:56:00,0 days,0 days,0 days,0
2023-03-09 23:37:02.966456,2023-03-10 07:02:02.966456,0 days 00:31:00,0 days 03:08:00,0 days 00:19:00,0 days 03:27:00,0 days 07:25:00,0 days,0 days,0 days,0
2023-01-02 23:37:02.968123,2023-01-03 05:39:02.968123,0 days 01:01:00,0 days 03:03:00,0 days 00:48:00,0 days 01:10:00,0 days 06:02:00,0 days,0 days,0 days,0
2023-01-15 23:37:02.967096,2023-01-16 07:22:02.967096,0 days 02:04:00,0 days 03:45:00,0 days 00:46:00,0 days 01:10:00,0 days 07:45:00,0 days,0 days,0 days,0
2023-08-16 23:37:02.968512,2023-08-17 06:20:02.968512,0 days 01:45:00,0 days 02:27:00,0 days 00:54:00,0 days 01:37:00,0 days 06:43:00,0 days,0 days,0 days,0
2023-05-04 23:37:02.966026,2023-05-05 06:25:02.966026,0 days 02:59:00,0 days 01:20:00,0 days 00:20:00,0 days 02:09:00,0 days 06:48:00,0 days,0 days,0 days,0
2023-01-12 23:37:02.967816,2023-01-13 07:37:02.967816,0 days 01:44:00,0 days 02:06:00,0 days 00:37:00,0 days 03:33:00,0 days 08:00:00,0 days,0 days,0 days,0
2023-08-12 23:37:02.965431,2023-08-13 08:28:02.965431,0 days 00:30:00,0 days 04:58:00,0 days 00:48:00,0 days 02:35:00,0 days 08:51:00,0 days,0 days,0 days,0
2023-09-12 23:37:02.966580,2023-09-13 07:06:02.966580,0 days 02:59:00,0 days 02:08:00,0 days 00:47:00,0 days 01:35:00,0 days 07:29:00,0 days,0 days,0 days,0
2023-09-15 23:37:02.966240,2023-09-16 04:30:02.966240,0 days 01:05:00,0 days 01:25:00,0 days 00:57:00,0 days 01:26:00,0 days 04:53:00,0 days,0 days,0 days,0
2023-01-28 23:37:02.968833,2023-01-29 10:39:02.968833,0 days 02:10:00,0 days 04:14:00,0 days 00:58:00,0 days 03:40:00,0 days 11:02:00,0 days,0 days,0 days,0
2023-07-31 23:37:02.967897,2023-08-01 06:33:02.967897,0 days 00:49:00,0 days 03:25:00,0 days 00:43:00,0 days 01:59:00,0 days 06:56:00,0 days,0 days,0 days,0
2023-05-13 23:37:02.968092,2023-05-14 07:56:02.968092,0 days 02:45:00,0 days 02:43:00,0 days 00:39:00,0 days 02:12:00,0 days 08:19:00,0 days,0 days,0 days,0
2023-05-11 23:37:02.967072,2023-05-12 06:49:02.967072,0 days 00:46:00,0 days 03:05:00,0 days 00:58:00,0 days 02:23:00,0 days 07:12:00,0 days,0 days,0 days,0
2023-12-09 23:37:02.965769,2023-12-10 06:43:02.965769,0 days 02:18:00,0 days 01:04:00,0 days 00:47:00,0 days 02:57:00,0 days 07:06:00,0 days,0 days,0 days,0
2023-04-26 23:37:02.966878,2023-04-27 08:17:02.966878,0 days 02:56:00,0 days 02:19:00,0 days 00:54:00,0 days 02:31:00,0 days 08:40:00,0 days,0 days,0 days,0
2023-08-23 23:37:02.966057,2023-08-24 07:46:02.966057,0 days 01:31:00,0 days 04:04:00,0 days 00:16:00,0 days 02:18:00,0 days 08:09:00,0 days,0 days,0 days,0
2023-10-06 23:37:02.965633,2023-10-07 11:34:02.965633,0 days 02:54:00,0 days 04:49:00,0 days 00:21:00,0 days 03:53:00,0 days 11:57:00,0 days,0 days,0 days,0
2023-03-21 23:37:02.966113,2023-03-22 10:34:02.966113,0 days 02:52:00,0 days 03:31:00,0 days 00:52:00,0 days 03:42:00,0 days 10:57:00,0 days,0 days,0 days,0
2023-07-29 23:37:02.967833,2023-07-30 08:54:02.967833,0 days 02:10:00,0 days 04:53:00,0 days 00:26:00,0 days 01:48:00,0 days 09:17:00,0 days,0 days,0 days,0
2023-04-17 23:37:02.968618,2023-04-18 05:44:02.968618,0 days 02:46:00,0 days 01:11:00,0 days 00:25:00,0 days 01:45:00,0 days 06:07:00,0 days,0 days,0 days,0
2023-06-10 23:37:02.965563,2023-06-11 10:09:02.965563,0 days 02:08:00,0 days 04:59:00,0 days 00:50:00,0 days 02:35:00,0 days 10:32:00,0 days,0 days,0 days,0
2023-09-20 23:37:02.966854,2023-09-21 04:36:02.966854,0 days 01:06:00,0 days 01:59:00,0 days 00:27:00,0 days 01:27:00,0 days 04:59:00,0 days,0 days,0 days,0
2023-01-23 23:37:02.966217,2023-01-24 06:35:02.966217,0 days 01:07:00,0 days 03:20:00,0 days 00:45:00,0 days 01:46:00,0 days 06:58:00,0 days,0 days,0 days,0
2023-07-15 23:37:02.966199,2023-07-16 09:09:02.966199,0 days 01:07:00,0 days 04:04:00,0 days 00:47:00,0 days 03:34:00,0 days 09:32:00,0 days,0 days,0 days,0
2023-10-21 23:37:02.966493,2023-10-22 10:21:02.966493,0 days 02:37:00,0 days 04:43:00,0 days 00:31:00,0 days 02:53:00,0 days 10:44:00,0 days,0 days,0 days,0
2023-05-06 23:37:02.966721,2023-05-07 05:04:02.966721,0 days 01:15:00,0 days 01:28:00,0 days 00:43:00,0 days 02:01:00,0 days 05:27:00,0 days,0 days,0 days,0
2024-01-07 23:37:02.965489,2024-01-08 04:04:02.965489,0 days 02:05:00,0 days 01:00:00,0 days 00:19:00,0 days 01:03:00,0 days 04:27:00,0 days,0 days,0 days,1
2023-11-02 23:37:02.968708,2023-11-03 08:18:02.968708,0 days 02:57:00,0 days 03:03:00,0 days 00:15:00,0 days 02:26:00,0 days 08:41:00,0 days,0 days,0 days,0
2023-11-13 23:37:02.967761,2023-11-14 05:38:02.967761,0 days 01:00:00,0 days 01:46:00,0 days 00:30:00,0 days 02:45:00,0 days 06:01:00,0 days,0 days,0 days,0
2023-11-04 23:37:02.966893,2023-11-05 10:22:02.966893,0 days 02:09:00,0 days 04:10:00,0 days 00:41:00,0 days 03:45:00,0 days 10:45:00,0 days,0 days,0 days,0
2023-02-16 23:37:02.965850,2023-02-17 07:33:02.965850,0 days 00:59:00,0 days 02:18:00,0 days 00:41:00,0 days 03:58:00,0 days 07:56:00,0 days,0 days,0 days,0
2023-12-18 23:37:02.967377,2023-12-19 07:58:02.967377,0 days 01:28:00,0 days 02:08:00,0 days 00:47:00,0 days 03:58:00,0 days 08:21:00,0 days,0 days,0 days,0
2023-12-17 23:37:02.967288,2023-12-18 07:39:02.967288,0 days 01:38:00,0 days 03:45:00,0 days 00:59:00,0 days 01:40:00,0 days 08:02:00,0 days,0 days,0 days,0
2024-01-01 23:37:02.966936,2024-01-02 08:43:02.966936,0 days 01:39:00,0 days 04:30:00,0 days 00:44:00,0 days 02:13:00,0 days 09:06:00,0 days,0 days,0 days,1
2023-11-22 23:37:02.967729,2023-11-23 07:14:02.967729,0 days 00:37:00,0 days 04:49:00,0 days 00:22:00,0 days 01:49:00,0 days 07:37:00,0 days,0 days,0 days,0
2023-12-11 23:37:02.968084,2023-12-12 07:11:02.968084,0 days 01:07:00,0 days 02:50:00,0 days 00:46:00,0 days 02:51:00,0 days 07:34:00,0 days,0 days,0 days,0
2023-12-15 23:37:02.966698,2023-12-16 08:58:02.966698,0 days 02:50:00,0 days 04:29:00,0 days 00:47:00,0 days 01:15:00,0 days 09:21:00,0 days,0 days,0 days,0
2023-06-06 23:37:02.967722,2023-06-07 08:25:02.967722,0 days 01:29:00,0 days 03:09:00,0 days 00:19:00,0 days 03:51:00,0 days 08:48:00,0 days,0 days,0 days,0
2023-06-04 23:37:02.966769,2023-06-05 04:42:02.966769,0 days 01:32:00,0 days 01:45:00,0 days 00:38:00,0 days 01:10:00,0 days 05:05:00,0 days,0 days,0 days,0
2023-05-02 23:37:02.967952,2023-05-03 08:07:02.967952,0 days 02:25:00,0 days 04:10:00,0 days 00:49:00,0 days 01:06:00,0 days 08:30:00,0 days,0 days,0 days,0
2023-10-08 23:37:02.967088,2023-10-09 05:13:02.967088,0 days 01:41:00,0 days 01:20:00,0 days 00:32:00,0 days 02:03:00,0 days 05:36:00,0 days,0 days,0 days,0
2023-07-24 23:37:02.965184,2023-07-25 10:24:02.965184,0 days 01:21:00,0 days 04:52:00,0 days 00:47:00,0 days 03:47:00,0 days 10:47:00,0 days,0 days,0 days,0
2023-12-08 23:37:02.966469,2023-12-09 10:05:02.966469,0 days 02:39:00,0 days 04:14:00,0 days 00:37:00,0 days 02:58:00,0 days 10:28:00,0 days,0 days,0 days,0
2023-11-15 23:37:02.966010,2023-11-16 09:08:02.966010,0 days 02:22:00,0 days 04:55:00,0 days 00:33:00,0 days 01:41:00,0 days 09:31:00,0 days,0 days,0 days,0
2023-03-02 23:37:02.967808,2023-03-03 09:56:02.967808,0 days 02:23:00,0 days 04:56:00,0 days 00:16:00,0 days 02:44:00,0 days 10:19:00,0 days,0 days,0 days,0
2023-05-07 23:37:02.966847,2023-05-08 07:09:02.966847,0 days 01:07:00,0 days 02:11:00,0 days 00:19:00,0 days 03:55:00,0 days 07:32:00,0 days,0 days,0 days,0
2023-08-12 23:37:02.968394,2023-08-13 08:43:02.968394,0 days 02:09:00,0 days 02:09:00,0 days 00:55:00,0 days 03:53:00,0 days 09:06:00,0 days,0 days,0 days,0
2024-01-16 23:37:02.967186,2024-01-17 04:41:02.967186,0 days 02:15:00,0 days 01:13:00,0 days 00:25:00,0 days 01:11:00,0 days 05:04:00,0 days,0 days,0 days,1
2023-02-01 23:37:02.965366,2023-02-02 09:11:02.965366,0 days 02:53:00,0 days 03:21:00,0 days 00:26:00,0 days 02:54:00,0 days 09:34:00,0 days,0 days,0 days,0
2023-05-16 23:37:02.965785,2023-05-17 08:36:02.965785,0 days 00:56:00,0 days 03:56:00,0 days 00:27:00,0 days 03:40:00,0 days 08:59:00,0 days,0 days,0 days,0
2023-11-24 23:37:02.965610,2023-11-25 06:55:02.965610,0 days 01:22:00,0 days 03:30:00,0 days 00:30:00,0 days 01:56:00,0 days 07:18:00,0 days,0 days,0 days,0
2023-10-29 23:37:02.968371,2023-10-30 05:14:02.968371,0 days 01:04:00,0 days 01:45:00,0 days 00:40:00,0 days 02:08:00,0 days 05:37:00,0 days,0 days,0 days,0
2023-08-06 23:37:02.964929,2023-08-07 06:13:02.964929,0 days 00:47:00,0 days 03:11:00,0 days 00:39:00,0 days 01:59:00,0 days 06:36:00,0 days,0 days,0 days,0
2023-08-05 23:37:02.967777,2023-08-06 06:20:02.967777,0 days 02:53:00,0 days 01:29:00,0 days 00:59:00,0 days 01:22:00,0 days 06:43:00,0 days,0 days,0 days,0
2023-05-07 23:37:02.967664,2023-05-08 11:34:02.967664,0 days 02:58:00,0 days 04:28:00,0 days 00:36:00,0 days 03:55:00,0 days 11:57:00,0 days,0 days,0 days,0
2023-07-13 23:37:02.967602,2023-07-14 07:22:02.967602,0 days 01:25:00,0 days 03:49:00,0 days 00:56:00,0 days 01:35:00,0 days 07:45:00,0 days,0 days,0 days,0
2023-10-18 23:37:02.966160,2023-10-19 05:27:02.966160,0 days 01:11:00,0 days 02:28:00,0 days 00:32:00,0 days 01:39:00,0 days 05:50:00,0 days,0 days,0 days,0
2023-06-24 23:37:02.966097,2023-06-25 07:56:02.966097,0 days 00:34:00,0 days 03:30:00,0 days 00:24:00,0 days 03:51:00,0 days 08:19:00,0 days,0 days,0 days,0
2023-12-28 23:37:02.966314,2023-12-29 05:51:02.966314,0 days 01:04:00,0 days 02:02:00,0 days 00:39:00,0 days 02:29:00,0 days 06:14:00,0 days,0 days,0 days,1
2023-03-30 23:37:02.968037,2023-03-31 07:53:02.968037,0 days 01:48:00,0 days 03:24:00,0 days 00:37:00,0 days 02:27:00,0 days 08:16:00,0 days,0 days,0 days,0
2023-05-18 23:37:02.966368,2023-05-19 04:51:02.966368,0 days 01:31:00,0 days 01:31:00,0 days 00:44:00,0 days 01:28:00,0 days 05:14:00,0 days,0 days,0 days,0
2023-07-11 23:37:02.968474,2023-07-12 09:52:02.968474,0 days 02:36:00,0 days 04:53:00,0 days 00:21:00,0 days 02:25:00,0 days 10:15:00,0 days,0 days,0 days,0
2024-01-06 23:37:02.964970,2024-01-07 06:08:02.964970,0 days 01:13:00,0 days 03:41:00,0 days 00:24:00,0 days 01:13:00,0 days 06:31:00,0 days,0 days,0 days,1
2023-04-11 23:37:02.967936,2023-04-12 05:02:02.967936,0 days 00:33:00,0 days 02:42:00,0 days 00:54:00,0 days 01:16:00,0 days 05:25:00,0 days,0 days,0 days,0
2023-04-30 23:37:02.965721,2023-05-01 09:18:02.965721,0 days 02:52:00,0 days 03:38:00,0 days 00:15:00,0 days 02:56:00,0 days 09:41:00,0 days,0 days,0 days,0
2023-06-06 23:37:02.965545,2023-06-07 10:57:02.965545,0 days 02:23:00,0 days 04:56:00,0 days 00:25:00,0 days 03:36:00,0 days 11:20:00,0 days,0 days,0 days,0
2023-07-21 23:37:02.965200,2023-07-22 07:10:02.965200,0 days 01:11:00,0 days 02:38:00,0 days 00:21:00,0 days 03:23:00,0 days 07:33:00,0 days,0 days,0 days,0
2023-08-15 23:37:02.967409,2023-08-16 09:22:02.967409,0 days 01:49:00,0 days 03:57:00,0 days 00:56:00,0 days 03:03:00,0 days 09:45:00,0 days,0 days,0 days,0
2023-07-15 23:37:02.966232,2023-07-16 09:04:02.966232,0 days 01:45:00,0 days 03:52:00,0 days 00:16:00,0 days 03:34:00,0 days 09:27:00,0 days,0 days,0 days,0
2023-03-25 23:37:02.968634,2023-03-26 09:19:02.968634,0 days 02:11:00,0 days 04:42:00,0 days 00:41:00,0 days 02:08:00,0 days 09:42:00,0 days,0 days,0 days,0
2023-06-16 23:37:02.967264,2023-06-17 05:44:02.967264,0 days 00:41:00,0 days 03:10:00,0 days 00:59:00,0 days 01:17:00,0 days 06:07:00,0 days,0 days,0 days,0
2023-03-17 23:37:02.968675,2023-03-18 04:49:02.968675,0 days 01:03:00,0 days 01:40:00,0 days 00:32:00,0 days 01:57:00,0 days 05:12:00,0 days,0 days,0 days,0
2023-01-11 23:37:02.966485,2023-01-12 09:31:02.966485,0 days 01:50:00,0 days 04:21:00,0 days 00:44:00,0 days 02:59:00,0 days 09:54:00,0 days,0 days,0 days,0
2023-11-09 23:37:02.967272,2023-11-10 06:11:02.967272,0 days 02:08:00,0 days 01:25:00,0 days 00:22:00,0 days 02:39:00,0 days 06:34:00,0 days,0 days,0 days,0
2023-08-05 23:37:02.968214,2023-08-06 07:43:02.968214,0 days 02:53:00,0 days 02:11:00,0 days 00:15:00,0 days 02:47:00,0 days 08:06:00,0 days,0 days,0 days,0
2023-05-30 23:37:02.966065,2023-05-31 07:55:02.966065,0 days 01:13:00,0 days 03:12:00,0 days 00:20:00,0 days 03:33:00,0 days 08:18:00,0 days,0 days,0 days,0
2024-01-16 23:37:02.968030,2024-01-17 03:52:02.968030,0 days 00:50:00,0 days 01:27:00,0 days 00:25:00,0 days 01:33:00,0 days 04:15:00,0 days,0 days,0 days,1
2023-08-23 23:37:02.966073,2023-08-24 05:30:02.966073,0 days 00:49:00,0 days 02:52:00,0 days 00:26:00,0 days 01:46:00,0 days 05:53:00,0 days,0 days,0 days,0
2023-07-30 23:37:02.968458,2023-07-31 05:04:02.968458,0 days 01:27:00,0 days 01:20:00,0 days 00:32:00,0 days 02:08:00,0 days 05:27:00,0 days,0 days,0 days,0
2023-09-23 23:37:02.967193,2023-09-24 04:42:02.967193,0 days 00:54:00,0 days 01:44:00,0 days 00:33:00,0 days 01:54:00,0 days 05:05:00,0 days,0 days,0 days,0
2023-05-28 23:37:02.965882,2023-05-29 09:07:02.965882,0 days 01:12:00,0 days 04:59:00,0 days 00:25:00,0 days 02:54:00,0 days 09:30:00,0 days,0 days,0 days,0
2023-11-07 23:37:02.967841,2023-11-08 08:33:02.967841,0 days 01:04:00,0 days 03:37:00,0 days 00:38:00,0 days 03:37:00,0 days 08:56:00,0 days,0 days,0 days,0
2023-03-02 23:37:02.965666,2023-03-03 09:17:02.965666,0 days 00:48:00,0 days 04:08:00,0 days 00:58:00,0 days 03:46:00,0 days 09:40:00,0 days,0 days,0 days,0
2023-07-20 23:37:02.966041,2023-07-21 06:16:02.966041,0 days 02:40:00,0 days 01:30:00,0 days 00:54:00,0 days 01:35:00,0 days 06:39:00,0 days,0 days,0 days,0
2023-04-22 23:37:02.966808,2023-04-23 05:02:02.966808,0 days 01:51:00,0 days 02:01:00,0 days 00:31:00,0 days 01:02:00,0 days 05:25:00,0 days,0 days,0 days,0
2023-05-13 23:37:02.968418,2023-05-14 06:02:02.968418,0 days 00:43:00,0 days 02:59:00,0 days 00:24:00,0 days 02:19:00,0 days 06:25:00,0 days,0 days,0 days,0
2023-09-19 23:37:02.965674,2023-09-20 06:12:02.965674,0 days 00:48:00,0 days 01:38:00,0 days 00:17:00,0 days 03:52:00,0 days 06:35:00,0 days,0 days,0 days,0
2023-03-06 23:37:02.968146,2023-03-07 08:34:02.968146,0 days 02:22:00,0 days 02:59:00,0 days 00:35:00,0 days 03:01:00,0 days 08:57:00,0 days,0 days,0 days,0
2023-03-21 23:37:02.965874,2023-03-22 05:00:02.965874,0 days 01:38:00,0 days 01:33:00,0 days 00:20:00,0 days 01:52:00,0 days 05:23:00,0 days,0 days,0 days,0
2023-06-13 23:37:02.966361,2023-06-14 06:23:02.966361,0 days 01:40:00,0 days 01:00:00,0 days 00:46:00,0 days 03:20:00,0 days 06:46:00,0 days,0 days,0 days,0
2023-11-20 23:37:02.966517,2023-11-21 06:42:02.966517,0 days 01:06:00,0 days 02:14:00,0 days 00:20:00,0 days 03:25:00,0 days 07:05:00,0 days,0 days,0 days,0
2023-09-29 23:37:02.966862,2023-09-30 09:11:02.966862,0 days 01:14:00,0 days 04:43:00,0 days 00:43:00,0 days 02:54:00,0 days 09:34:00,0 days,0 days,0 days,0
2022-12-23 23:37:02.967335,2022-12-24 03:30:02.967335,0 days 00:49:00,0 days 01:07:00,0 days 00:57:00,0 days 01:00:00,0 days 03:53:00,0 days,0 days,0 days,0
2023-04-23 23:37:02.967280,2023-04-24 07:24:02.967280,0 days 01:11:00,0 days 03:51:00,0 days 00:28:00,0 days 02:17:00,0 days 07:47:00,0 days,0 days,0 days,0
2023-11-07 23:37:02.967705,2023-11-08 10:18:02.967705,0 days 02:18:00,0 days 04:57:00,0 days 00:50:00,0 days 02:36:00,0 days 10:41:00,0 days,0 days,0 days,0
2023-10-15 23:37:02.967983,2023-10-16 10:54:02.967983,0 days 01:51:00,0 days 04:48:00,0 days 00:59:00,0 days 03:39:00,0 days 11:17:00,0 days,0 days,0 days,0
2023-06-02 23:37:02.968053,2023-06-03 08:54:02.968053,0 days 01:12:00,0 days 03:08:00,0 days 00:59:00,0 days 03:58:00,0 days 09:17:00,0 days,0 days,0 days,0
2023-01-25 23:37:02.967168,2023-01-26 06:15:02.967168,0 days 01:31:00,0 days 02:23:00,0 days 00:21:00,0 days 02:23:00,0 days 06:38:00,0 days,0 days,0 days,0
2023-12-11 23:37:02.965897,2023-12-12 09:35:02.965897,0 days 02:41:00,0 days 04:03:00,0 days 00:39:00,0 days 02:35:00,0 days 09:58:00,0 days,0 days,0 days,0
2023-10-14 23:37:02.967312,2023-10-15 09:00:02.967312,0 days 00:34:00,0 days 04:12:00,0 days 00:54:00,0 days 03:43:00,0 days 09:23:00,0 days,0 days,0 days,0
2023-03-21 23:37:02.966682,2023-03-22 09:37:02.966682,0 days 02:17:00,0 days 04:07:00,0 days 00:59:00,0 days 02:37:00,0 days 10:00:00,0 days,0 days,0 days,0
2022-12-22 23:37:02.968230,2022-12-23 08:11:02.968230,0 days 00:39:00,0 days 03:28:00,0 days 00:53:00,0 days 03:34:00,0 days 08:34:00,0 days,0 days,0 days,0
2023-12-29 23:37:02.966651,2023-12-30 08:41:02.966651,0 days 00:45:00,0 days 04:18:00,0 days 00:31:00,0 days 03:30:00,0 days 09:04:00,0 days,0 days,0 days,1
2023-10-02 23:37:02.965929,2023-10-03 05:15:02.965929,0 days 01:42:00,0 days 01:25:00,0 days 00:36:00,0 days 01:55:00,0 days 05:38:00,0 days,0 days,0 days,0
2023-04-29 23:37:02.968245,2023-04-30 03:55:02.968245,0 days 01:23:00,0 days 01:11:00,0 days 00:31:00,0 days 01:13:00,0 days 04:18:00,0 days,0 days,0 days,0
2023-02-22 23:37:02.967209,2023-02-23 09:14:02.967209,0 days 02:55:00,0 days 04:30:00,0 days 00:36:00,0 days 01:36:00,0 days 09:37:00,0 days,0 days,0 days,0
2024-01-08 23:37:02.968436,2024-01-09 08:46:02.968436,0 days 01:51:00,0 days 02:46:00,0 days 00:35:00,0 days 03:57:00,0 days 09:09:00,0 days,0 days,0 days,1
2023-07-12 23:37:02.967906,2023-07-13 06:22:02.967906,0 days 02:39:00,0 days 01:59:00,0 days 00:37:00,0 days 01:30:00,0 days 06:45:00,0 days,0 days,0 days,0
2023-09-17 23:37:02.967225,2023-09-18 07:11:02.967225,0 days 02:06:00,0 days 03:14:00,0 days 00:26:00,0 days 01:48:00,0 days 07:34:00,0 days,0 days,0 days,0
2023-10-13 23:37:02.967737,2023-10-14 06:50:02.967737,0 days 02:34:00,0 days 01:57:00,0 days 00:17:00,0 days 02:25:00,0 days 07:13:00,0 days,0 days,0 days,0
2023-06-25 23:37:02.967249,2023-06-26 08:27:02.967249,0 days 02:14:00,0 days 03:43:00,0 days 00:48:00,0 days 02:05:00,0 days 08:50:00,0 days,0 days,0 days,0
2024-01-08 23:37:02.968062,2024-01-09 08:52:02.968062,0 days 00:50:00,0 days 04:51:00,0 days 00:45:00,0 days 02:49:00,0 days 09:15:00,0 days,0 days,0 days,1
2023-06-29 23:37:02.967617,2023-06-30 09:02:02.967617,0 days 02:32:00,0 days 03:20:00,0 days 00:36:00,0 days 02:57:00,0 days 09:25:00,0 days,0 days,0 days,0
2023-12-20 23:37:02.965794,2023-12-21 10:28:02.965794,0 days 02:58:00,0 days 04:59:00,0 days 00:20:00,0 days 02:34:00,0 days 10:51:00,0 days,0 days,0 days,1
2023-01-06 23:37:02.966329,2023-01-07 07:54:02.966329,0 days 02:17:00,0 days 03:58:00,0 days 00:38:00,0 days 01:24:00,0 days 08:17:00,0 days,0 days,0 days,0
2023-06-27 23:37:02.967351,2023-06-28 06:47:02.967351,0 days 01:18:00,0 days 02:59:00,0 days 00:58:00,0 days 01:55:00,0 days 07:10:00,0 days,0 days,0 days,0
2023-06-04 23:37:02.968340,2023-06-05 07:46:02.968340,0 days 01:16:00,0 days 04:38:00,0 days 00:29:00,0 days 01:46:00,0 days 08:09:00,0 days,0 days,0 days,0
2023-08-20 23:37:02.968785,2023-08-21 08:19:02.968785,0 days 02:51:00,0 days 02:59:00,0 days 00:52:00,0 days 02:00:00,0 days 08:42:00,0 days,0 days,0 days,0
2023-11-10 23:37:02.968734,2023-11-11 09:15:02.968734,0 days 01:46:00,0 days 04:26:00,0 days 00:32:00,0 days 02:54:00,0 days 09:38:00,0 days,0 days,0 days,0
2023-04-20 23:37:02.968260,2023-04-21 06:24:02.968260,0 days 01:39:00,0 days 01:55:00,0 days 00:33:00,0 days 02:40:00,0 days 06:47:00,0 days,0 days,0 days,0
2023-06-15 23:37:02.966761,2023-06-16 09:55:02.966761,0 days 01:30:00,0 days 04:48:00,0 days 00:57:00,0 days 03:03:00,0 days 10:18:00,0 days,0 days,0 days,0
2023-05-27 23:37:02.967385,2023-05-28 06:46:02.967385,0 days 00:49:00,0 days 04:00:00,0 days 00:38:00,0 days 01:42:00,0 days 07:09:00,0 days,0 days,0 days,0
2024-01-10 23:37:02.966209,2024-01-11 05:42:02.966209,0 days 01:35:00,0 days 01:09:00,0 days 00:19:00,0 days 03:02:00,0 days 06:05:00,0 days,0 days,0 days,1
2024-01-13 23:37:02.965985,2024-01-14 08:54:02.965985,0 days 00:46:00,0 days 04:50:00,0 days 00:36:00,0 days 03:05:00,0 days 09:17:00,0 days,0 days,0 days,1
2023-11-29 23:37:02.966477,2023-11-30 10:44:02.966477,0 days 02:46:00,0 days 04:45:00,0 days 00:58:00,0 days 02:38:00,0 days 11:07:00,0 days,0 days,0 days,0
2023-12-07 23:37:02.966960,2023-12-08 06:57:02.966960,0 days 02:47:00,0 days 02:57:00,0 days 00:15:00,0 days 01:21:00,0 days 07:20:00,0 days,0 days,0 days,0
2023-07-26 23:37:02.966752,2023-07-27 08:38:02.966752,0 days 01:42:00,0 days 03:22:00,0 days 00:38:00,0 days 03:19:00,0 days 09:01:00,0 days,0 days,0 days,0
2023-12-27 23:37:02.965820,2023-12-28 08:03:02.965820,0 days 01:08:00,0 days 03:33:00,0 days 00:48:00,0 days 02:57:00,0 days 08:26:00,0 days,0 days,0 days,1
2023-02-14 23:37:02.965858,2023-02-15 05:40:02.965858,0 days 01:48:00,0 days 01:29:00,0 days 00:56:00,0 days 01:50:00,0 days 06:03:00,0 days,0 days,0 days,0
2023-09-25 23:37:02.967688,2023-09-26 08:26:02.967688,0 days 01:11:00,0 days 02:57:00,0 days 00:53:00,0 days 03:48:00,0 days 08:49:00,0 days,0 days,0 days,0
2023-08-10 23:37:02.966690,2023-08-11 07:00:02.966690,0 days 02:17:00,0 days 01:38:00,0 days 00:29:00,0 days 02:59:00,0 days 07:23:00,0 days,0 days,0 days,0
2023-05-16 23:37:02.968108,2023-05-17 07:27:02.968108,0 days 02:23:00,0 days 01:09:00,0 days 00:35:00,0 days 03:43:00,0 days 07:50:00,0 days,0 days,0 days,0
2023-05-05 23:37:02.968069,2023-05-06 08:47:02.968069,0 days 02:52:00,0 days 04:30:00,0 days 00:21:00,0 days 01:27:00,0 days 09:10:00,0 days,0 days,0 days,0
2023-12-14 23:37:02.965912,2023-12-15 05:12:02.965912,0 days 01:30:00,0 days 01:21:00,0 days 00:35:00,0 days 02:09:00,0 days 05:35:00,0 days,0 days,0 days,0
2023-05-25 23:37:02.967176,2023-05-26 06:11:02.967176,0 days 01:27:00,0 days 01:21:00,0 days 00:40:00,0 days 03:06:00,0 days 06:34:00,0 days,0 days,0 days,0
2023-11-27 23:37:02.968176,2023-11-28 06:32:02.968176,0 days 00:42:00,0 days 04:29:00,0 days 00:16:00,0 days 01:28:00,0 days 06:55:00,0 days,0 days,0 days,0
2023-11-08 23:37:02.965752,2023-11-09 11:14:02.965752,0 days 02:54:00,0 days 04:20:00,0 days 00:47:00,0 days 03:36:00,0 days 11:37:00,0 days,0 days,0 days,0
2023-07-09 23:37:02.967857,2023-07-10 07:49:02.967857,0 days 02:39:00,0 days 03:42:00,0 days 00:32:00,0 days 01:19:00,0 days 08:12:00,0 days,0 days,0 days,0
2023-05-20 23:37:02.967496,2023-05-21 09:37:02.967496,0 days 01:45:00,0 days 04:18:00,0 days 00:29:00,0 days 03:28:00,0 days 10:00:00,0 days,0 days,0 days,0
2023-05-17 23:37:02.965960,2023-05-18 05:49:02.965960,0 days 00:43:00,0 days 04:06:00,0 days 00:21:00,0 days 01:02:00,0 days 06:12:00,0 days,0 days,0 days,0
2023-06-04 23:37:02.968497,2023-06-05 05:04:02.968497,0 days 01:43:00,0 days 02:24:00,0 days 00:19:00,0 days 01:01:00,0 days 05:27:00,0 days,0 days,0 days,0
2023-01-04 23:37:02.965248,2023-01-05 06:26:02.965248,0 days 02:19:00,0 days 02:21:00,0 days 00:16:00,0 days 01:53:00,0 days 06:49:00,0 days,0 days,0 days,0
2023-07-05 23:37:02.968563,2023-07-06 09:00:02.968563,0 days 01:58:00,0 days 03:02:00,0 days 00:57:00,0 days 03:26:00,0 days 09:23:00,0 days,0 days,0 days,0
2023-08-17 23:37:02.965416,2023-08-18 09:01:02.965416,0 days 02:56:00,0 days 03:24:00,0 days 00:33:00,0 days 02:31:00,0 days 09:24:00,0 days,0 days,0 days,0
2023-04-01 23:37:02.967160,2023-04-02 05:13:02.967160,0 days 01:10:00,0 days 02:53:00,0 days 00:26:00,0 days 01:07:00,0 days 05:36:00,0 days,0 days,0 days,0
2023-05-16 23:37:02.965579,2023-05-17 05:17:02.965579,0 days 00:59:00,0 days 01:16:00,0 days 00:34:00,0 days 02:51:00,0 days 05:40:00,0 days,0 days,0 days,0
2023-08-18 23:37:02.966831,2023-08-19 09:31:02.966831,0 days 02:46:00,0 days 04:14:00,0 days 00:39:00,0 days 02:15:00,0 days 09:54:00,0 days,0 days,0 days,0
2023-06-27 23:37:02.966386,2023-06-28 09:21:02.966386,0 days 02:22:00,0 days 02:53:00,0 days 00:44:00,0 days 03:45:00,0 days 09:44:00,0 days,0 days,0 days,0
2023-07-17 23:37:02.967959,2023-07-18 07:54:02.967959,0 days 00:43:00,0 days 04:18:00,0 days 00:51:00,0 days 02:25:00,0 days 08:17:00,0 days,0 days,0 days,0
2023-01-25 23:37:02.966168,2023-01-26 05:19:02.966168,0 days 00:43:00,0 days 01:31:00,0 days 00:52:00,0 days 02:36:00,0 days 05:42:00,0 days,0 days,0 days,0
2023-10-27 23:37:02.964987,2023-10-28 11:37:02.964987,0 days 02:33:00,0 days 04:56:00,0 days 00:55:00,0 days 03:36:00,0 days 12:00:00,0 days,0 days,0 days,0
2023-04-04 23:37:02.965176,2023-04-05 08:45:02.965176,0 days 02:56:00,0 days 02:29:00,0 days 00:17:00,0 days 03:26:00,0 days 09:08:00,0 days,0 days,0 days,0
2023-04-29 23:37:02.965119,2023-04-30 07:23:02.965119,0 days 01:28:00,0 days 02:57:00,0 days 00:46:00,0 days 02:35:00,0 days 07:46:00,0 days,0 days,0 days,0
2023-06-02 23:37:02.966256,2023-06-03 07:37:02.966256,0 days 01:59:00,0 days 01:45:00,0 days 00:57:00,0 days 03:19:00,0 days 08:00:00,0 days,0 days,0 days,0
2023-08-29 23:37:02.966034,2023-08-30 08:48:02.966034,0 days 01:44:00,0 days 04:09:00,0 days 00:44:00,0 days 02:34:00,0 days 09:11:00,0 days,0 days,0 days,0
2023-10-29 23:37:02.968077,2023-10-30 04:34:02.968077,0 days 00:34:00,0 days 01:04:00,0 days 00:44:00,0 days 02:35:00,0 days 04:57:00,0 days,0 days,0 days,0
2023-12-09 23:37:02.967633,2023-12-10 08:18:02.967633,0 days 02:30:00,0 days 03:04:00,0 days 00:56:00,0 days 02:11:00,0 days 08:41:00,0 days,0 days,0 days,0
2023-12-12 23:37:02.966667,2023-12-13 06:14:02.966667,0 days 01:41:00,0 days 01:58:00,0 days 00:37:00,0 days 02:21:00,0 days 06:37:00,0 days,0 days,0 days,0
2023-01-11 23:37:02.965658,2023-01-12 10:03:02.965658,0 days 01:40:00,0 days 04:36:00,0 days 00:59:00,0 days 03:11:00,0 days 10:26:00,0 days,0 days,0 days,0
2023-05-13 23:37:02.965303,2023-05-14 06:46:02.965303,0 days 01:15:00,0 days 02:56:00,0 days 00:20:00,0 days 02:38:00,0 days 07:09:00,0 days,0 days,0 days,0
2023-07-12 23:37:02.966816,2023-07-13 06:09:02.966816,0 days 00:42:00,0 days 02:59:00,0 days 00:39:00,0 days 02:12:00,0 days 06:32:00,0 days,0 days,0 days,0
2023-12-27 23:37:02.968761,2023-12-28 06:08:02.968761,0 days 01:57:00,0 days 01:13:00,0 days 00:40:00,0 days 02:41:00,0 days 06:31:00,0 days,0 days,0 days,1
2023-03-27 23:37:02.967921,2023-03-28 08:13:02.967921,0 days 01:25:00,0 days 04:26:00,0 days 00:23:00,0 days 02:22:00,0 days 08:36:00,0 days,0 days,0 days,0
2023-10-05 23:37:02.966322,2023-10-06 11:12:02.966322,0 days 02:44:00,0 days 04:29:00,0 days 00:41:00,0 days 03:41:00,0 days 11:35:00,0 days,0 days,0 days,0
2023-07-25 23:37:02.965224,2023-07-26 08:15:02.965224,0 days 02:40:00,0 days 03:27:00,0 days 00:38:00,0 days 01:53:00,0 days 08:38:00,0 days,0 days,0 days,0
2023-08-09 23:37:02.968873,2023-08-10 06:52:02.968873,0 days 02:01:00,0 days 01:27:00,0 days 00:18:00,0 days 03:29:00,0 days 07:15:00,0 days,0 days,0 days,0
2023-08-20 23:37:02.968252,2023-08-21 07:14:02.968252,0 days 02:30:00,0 days 01:19:00,0 days 00:25:00,0 days 03:23:00,0 days 07:37:00,0 days,0 days,0 days,0
2023-05-14 23:37:02.966548,2023-05-15 08:52:02.966548,0 days 00:41:00,0 days 04:56:00,0 days 00:21:00,0 days 03:17:00,0 days 09:15:00,0 days,0 days,0 days,0
2023-02-17 23:37:02.967152,2023-02-18 06:49:02.967152,0 days 01:30:00,0 days 04:14:00,0 days 00:20:00,0 days 01:08:00,0 days 07:12:00,0 days,0 days,0 days,0
2023-11-03 23:37:02.966926,2023-11-04 06:28:02.966926,0 days 00:46:00,0 days 02:43:00,0 days 00:45:00,0 days 02:37:00,0 days 06:51:00,0 days,0 days,0 days,0
2023-05-20 23:37:02.968183,2023-05-21 06:37:02.968183,0 days 00:56:00,0 days 01:49:00,0 days 00:45:00,0 days 03:30:00,0 days 07:00:00,0 days,0 days,0 days,0
2024-01-13 23:37:02.964912,2024-01-14 07:43:02.964912,0 days 01:18:00,0 days 04:38:00,0 days 00:56:00,0 days 01:14:00,0 days 08:06:00,0 days,0 days,0 days,1
2023-04-30 23:37:02.966944,2023-05-01 06:49:02.966944,0 days 01:32:00,0 days 03:35:00,0 days 00:29:00,0 days 01:36:00,0 days 07:12:00,0 days,0 days,0 days,0
2023-08-10 23:37:02.968466,2023-08-11 07:24:02.968466,0 days 01:18:00,0 days 03:26:00,0 days 00:39:00,0 days 02:24:00,0 days 07:47:00,0 days,0 days,0 days,0
2023-02-10 23:37:02.965697,2023-02-11 10:06:02.965697,0 days 02:26:00,0 days 03:13:00,0 days 00:58:00,0 days 03:52:00,0 days 10:29:00,0 days,0 days,0 days,0
2023-09-02 23:37:02.966706,2023-09-03 08:16:02.966706,0 days 01:24:00,0 days 04:46:00,0 days 00:56:00,0 days 01:33:00,0 days 08:39:00,0 days,0 days,0 days,0
2023-07-20 23:37:02.968317,2023-07-21 06:21:02.968317,0 days 00:59:00,0 days 01:57:00,0 days 00:52:00,0 days 02:56:00,0 days 06:44:00,0 days,0 days,0 days,0
2023-09-06 23:37:02.966603,2023-09-07 05:23:02.966603,0 days 01:08:00,0 days 01:34:00,0 days 00:17:00,0 days 02:47:00,0 days 05:46:00,0 days,0 days,0 days,0
2023-05-15 23:37:02.966264,2023-05-16 08:16:02.966264,0 days 02:20:00,0 days 02:43:00,0 days 00:57:00,0 days 02:39:00,0 days 08:39:00,0 days,0 days,0 days,0
2023-07-31 23:37:02.965681,2023-08-01 06:43:02.965681,0 days 02:35:00,0 days 01:57:00,0 days 00:34:00,0 days 02:00:00,0 days 07:06:00,0 days,0 days,0 days,0
2023-01-03 23:37:02.967233,2023-01-04 05:51:02.967233,0 days 00:53:00,0 days 03:27:00,0 days 00:51:00,0 days 01:03:00,0 days 06:14:00,0 days,0 days,0 days,0
2023-09-09 23:37:02.966618,2023-09-10 07:47:02.966618,0 days 01:18:00,0 days 04:08:00,0 days 00:31:00,0 days 02:13:00,0 days 08:10:00,0 days,0 days,0 days,0
2023-10-29 23:37:02.965381,2023-10-30 07:51:02.965381,0 days 01:32:00,0 days 04:09:00,0 days 00:36:00,0 days 01:57:00,0 days 08:14:00,0 days,0 days,0 days,0
2023-08-13 23:37:02.965271,2023-08-14 10:47:02.965271,0 days 02:24:00,0 days 04:33:00,0 days 00:36:00,0 days 03:37:00,0 days 11:10:00,0 days,0 days,0 days,0
2023-06-30 23:37:02.965151,2023-07-01 08:43:02.965151,0 days 01:37:00,0 days 04:02:00,0 days 00:25:00,0 days 03:02:00,0 days 09:06:00,0 days,0 days,0 days,0
2023-04-06 23:37:02.967033,2023-04-07 06:54:02.967033,0 days 00:44:00,0 days 03:41:00,0 days 00:49:00,0 days 02:03:00,0 days 07:17:00,0 days,0 days,0 days,0
2023-09-08 23:37:02.967512,2023-09-09 08:45:02.967512,0 days 02:08:00,0 days 04:19:00,0 days 00:28:00,0 days 02:13:00,0 days 09:08:00,0 days,0 days,0 days,0
2023-08-26 23:37:02.966501,2023-08-27 03:34:02.966501,0 days 00:38:00,0 days 01:39:00,0 days 00:16:00,0 days 01:24:00,0 days 03:57:00,0 days,0 days,0 days,0
2023-07-29 23:37:02.968451,2023-07-30 10:03:02.968451,0 days 02:58:00,0 days 03:49:00,0 days 00:40:00,0 days 02:59:00,0 days 10:26:00,0 days,0 days,0 days,0
2022-12-25 23:37:02.965111,2022-12-26 07:05:02.965111,0 days 02:46:00,0 days 02:01:00,0 days 00:51:00,0 days 01:50:00,0 days 07:28:00,0 days,0 days,0 days,0
2023-11-25 23:37:02.968277,2023-11-26 08:00:02.968277,0 days 01:06:00,0 days 04:49:00,0 days 00:35:00,0 days 01:53:00,0 days 08:23:00,0 days,0 days,0 days,0
2023-03-28 23:37:02.966736,2023-03-29 06:35:02.966736,0 days 02:12:00,0 days 02:23:00,0 days 00:19:00,0 days 02:04:00,0 days 06:58:00,0 days,0 days,0 days,0
2023-04-12 23:37:02.966977,2023-04-13 08:23:02.966977,0 days 02:34:00,0 days 04:23:00,0 days 00:21:00,0 days 01:28:00,0 days 08:46:00,0 days,0 days,0 days,0
2023-04-25 23:37:02.967201,2023-04-26 09:38:02.967201,0 days 02:45:00,0 days 04:40:00,0 days 00:46:00,0 days 01:50:00,0 days 10:01:00,0 days,0 days,0 days,0
2023-10-13 23:37:02.966191,2023-10-14 08:18:02.966191,0 days 01:11:00,0 days 04:11:00,0 days 00:29:00,0 days 02:50:00,0 days 08:41:00,0 days,0 days,0 days,0
2023-12-25 23:37:02.968286,2023-12-26 06:35:02.968286,0 days 00:33:00,0 days 04:07:00,0 days 00:59:00,0 days 01:19:00,0 days 06:58:00,0 days,0 days,0 days,1
2023-10-13 23:37:02.966001,2023-10-14 09:02:02.966001,0 days 02:55:00,0 days 02:50:00,0 days 00:50:00,0 days 02:50:00,0 days 09:25:00,0 days,0 days,0 days,0
2024-01-08 23:37:02.965391,2024-01-09 06:07:02.965391,0 days 01:39:00,0 days 01:14:00,0 days 00:57:00,0 days 02:40:00,0 days 06:30:00,0 days,0 days,0 days,1
2023-02-28 23:37:02.965976,2023-03-01 08:09:02.965976,0 days 00:44:00,0 days 04:11:00,0 days 00:39:00,0 days 02:58:00,0 days 08:32:00,0 days,0 days,0 days,0
2023-12-18 23:37:02.965920,2023-12-19 07:31:02.965920,0 days 00:41:00,0 days 02:29:00,0 days 00:48:00,0 days 03:56:00,0 days 07:54:00,0 days,0 days,0 days,0
2023-09-02 23:37:02.968692,2023-09-03 05:12:02.968692,0 days 00:44:00,0 days 02:30:00,0 days 00:49:00,0 days 01:32:00,0 days 05:35:00,0 days,0 days,0 days,0
2023-09-18 23:37:02.964950,2023-09-19 07:17:02.964950,0 days 00:37:00,0 days 03:54:00,0 days 00:49:00,0 days 02:20:00,0 days 07:40:00,0 days,0 days,0 days,0
2023-02-06 23:37:02.967504,2023-02-07 10:18:02.967504,0 days 01:18:00,0 days 04:43:00,0 days 00:49:00,0 days 03:51:00,0 days 10:41:00,0 days,0 days,0 days,0
2023-04-25 23:37:02.968586,2023-04-26 04:32:02.968586,0 days 01:11:00,0 days 01:59:00,0 days 00:34:00,0 days 01:11:00,0 days 04:55:00,0 days,0 days,0 days,0
2023-01-03 23:37:02.965407,2023-01-04 06:30:02.965407,0 days 01:24:00,0 days 03:47:00,0 days 00:30:00,0 days 01:12:00,0 days 06:53:00,0 days,0 days,0 days,0
2023-02-04 23:37:02.967296,2023-02-05 07:52:02.967296,0 days 02:34:00,0 days 02:50:00,0 days 00:28:00,0 days 02:23:00,0 days 08:15:00,0 days,0 days,0 days,0
2023-08-12 23:37:02.965003,2023-08-13 08:13:02.965003,0 days 01:32:00,0 days 03:18:00,0 days 00:31:00,0 days 03:15:00,0 days 08:36:00,0 days,0 days,0 days,0
2023-03-27 23:37:02.966144,2023-03-28 04:37:02.966144,0 days 00:43:00,0 days 01:59:00,0 days 00:44:00,0 days 01:34:00,0 days 05:00:00,0 days,0 days,0 days,0
2023-02-18 23:37:02.965216,2023-02-19 07:23:02.965216,0 days 01:06:00,0 days 03:39:00,0 days 00:23:00,0 days 02:38:00,0 days 07:46:00,0 days,0 days,0 days,0
2023-09-11 23:37:02.967929,2023-09-12 07:00:02.967929,0 days 02:24:00,0 days 01:06:00,0 days 00:30:00,0 days 03:23:00,0 days 07:23:00,0 days,0 days,0 days,0
2023-12-03 23:37:02.968626,2023-12-04 09:05:02.968626,0 days 02:18:00,0 days 02:58:00,0 days 00:35:00,0 days 03:37:00,0 days 09:28:00,0 days,0 days,0 days,0
2023-08-01 23:37:02.968115,2023-08-02 07:11:02.968115,0 days 00:31:00,0 days 02:57:00,0 days 00:27:00,0 days 03:39:00,0 days 07:34:00,0 days,0 days,0 days,0
2023-10-23 23:37:02.966626,2023-10-24 04:56:02.966626,0 days 01:16:00,0 days 01:11:00,0 days 00:30:00,0 days 02:22:00,0 days 05:19:00,0 days,0 days,0 days,0
2023-07-24 23:37:02.967128,2023-07-25 05:03:02.967128,0 days 02:06:00,0 days 01:01:00,0 days 00:47:00,0 days 01:32:00,0 days 05:26:00,0 days,0 days,0 days,0
2023-01-28 23:37:02.968355,2023-01-29 07:27:02.968355,0 days 01:30:00,0 days 03:17:00,0 days 00:17:00,0 days 02:46:00,0 days 07:50:00,0 days,0 days,0 days,0
2022-12-28 23:37:02.968325,2022-12-29 09:54:02.968325,0 days 02:03:00,0 days 04:02:00,0 days 00:47:00,0 days 03:25:00,0 days 10:17:00,0 days,0 days,0 days,0
2023-01-03 23:37:02.967594,2023-01-04 06:30:02.967594,0 days 02:04:00,0 days 02:47:00,0 days 00:24:00,0 days 01:38:00,0 days 06:53:00,0 days,0 days,0 days,0
2023-01-04 23:37:02.966785,2023-01-05 10:09:02.966785,0 days 02:26:00,0 days 04:56:00,0 days 00:24:00,0 days 02:46:00,0 days 10:32:00,0 days,0 days,0 days,0
2023-06-29 23:37:02.966556,2023-06-30 06:02:02.966556,0 days 02:31:00,0 days 01:45:00,0 days 00:16:00,0 days 01:53:00,0 days 06:25:00,0 days,0 days,0 days,0
2023-10-07 23:37:02.966595,2023-10-08 06:10:02.966595,0 days 00:46:00,0 days 03:08:00,0 days 00:39:00,0 days 02:00:00,0 days 06:33:00,0 days,0 days,0 days,0
2023-01-18 23:37:02.967256,2023-01-19 05:40:02.967256,0 days 00:35:00,0 days 01:38:00,0 days 00:56:00,0 days 02:54:00,0 days 06:03:00,0 days,0 days,0 days,0
2023-05-01 23:37:02.968538,2023-05-02 08:35:02.968538,0 days 02:25:00,0 days 02:31:00,0 days 00:28:00,0 days 03:34:00,0 days 08:58:00,0 days,0 days,0 days,0
2023-06-14 23:37:02.966901,2023-06-15 04:55:02.966901,0 days 01:14:00,0 days 01:57:00,0 days 00:45:00,0 days 01:22:00,0 days 05:18:00,0 days,0 days,0 days,0
2023-07-08 23:37:02.968793,2023-07-09 05:30:02.968793,0 days 00:59:00,0 days 01:08:00,0 days 00:47:00,0 days 02:59:00,0 days 05:53:00,0 days,0 days,0 days,0
2023-03-19 23:37:02.968777,2023-03-20 09:08:02.968777,0 days 01:40:00,0 days 04:25:00,0 days 00:23:00,0 days 03:03:00,0 days 09:31:00,0 days,0 days,0 days,0
2023-02-21 23:37:02.967320,2023-02-22 07:16:02.967320,0 days 01:00:00,0 days 03:18:00,0 days 00:24:00,0 days 02:57:00,0 days 07:39:00,0 days,0 days,0 days,0
2024-01-12 23:37:02.967697,2024-01-13 05:09:02.967697,0 days 01:15:00,0 days 01:18:00,0 days 00:18:00,0 days 02:41:00,0 days 05:32:00,0 days,0 days,0 days,1
2023-10-08 23:37:02.967049,2023-10-09 07:43:02.967049,0 days 02:54:00,0 days 02:32:00,0 days 00:22:00,0 days 02:18:00,0 days 08:06:00,0 days,0 days,0 days,0
2022-12-25 23:37:02.966509,2022-12-26 09:13:02.966509,0 days 00:51:00,0 days 04:54:00,0 days 00:18:00,0 days 03:33:00,0 days 09:36:00,0 days,0 days,0 days,0
2023-09-06 23:37:02.966183,2023-09-07 08:16:02.966183,0 days 01:08:00,0 days 03:58:00,0 days 00:20:00,0 days 03:13:00,0 days 08:39:00,0 days,0 days,0 days,0
2023-09-06 23:37:02.965240,2023-09-07 10:55:02.965240,0 days 02:21:00,0 days 04:36:00,0 days 00:49:00,0 days 03:32:00,0 days 11:18:00,0 days,0 days,0 days,0
2023-03-30 23:37:02.966634,2023-03-31 09:49:02.966634,0 days 01:50:00,0 days 04:34:00,0 days 00:51:00,0 days 02:57:00,0 days 10:12:00,0 days,0 days,0 days,0
2023-10-31 23:37:02.968100,2023-11-01 08:14:02.968100,0 days 01:37:00,0 days 02:17:00,0 days 00:55:00,0 days 03:48:00,0 days 08:37:00,0 days,0 days,0 days,0
2023-02-09 23:37:02.966417,2023-02-10 06:08:02.966417,0 days 01:41:00,0 days 01:53:00,0 days 00:51:00,0 days 02:06:00,0 days 06:31:00,0 days,0 days,0 days,0
2023-01-19 23:37:02.967369,2023-01-20 04:10:02.967369,0 days 01:06:00,0 days 01:19:00,0 days 00:40:00,0 days 01:28:00,0 days 04:33:00,0 days,0 days,0 days,0
2024-01-06 23:37:02.966970,2024-01-07 08:57:02.966970,0 days 00:43:00,0 days 04:11:00,0 days 00:43:00,0 days 03:43:00,0 days 09:20:00,0 days,0 days,0 days,1
2023-01-23 23:37:02.965737,2023-01-24 10:24:02.965737,0 days 02:11:00,0 days 04:23:00,0 days 00:38:00,0 days 03:35:00,0 days 10:47:00,0 days,0 days,0 days,0
2023-06-14 23:37:02.965319,2023-06-15 06:16:02.965319,0 days 01:36:00,0 days 03:07:00,0 days 00:32:00,0 days 01:24:00,0 days 06:39:00,0 days,0 days,0 days,0
2023-08-29 23:37:02.968006,2023-08-30 06:24:02.968006,0 days 01:11:00,0 days 01:20:00,0 days 00:56:00,0 days 03:20:00,0 days 06:47:00,0 days,0 days,0 days,0
2023-09-07 23:37:02.964879,2023-09-08 09:17:02.964879,0 days 01:44:00,0 days 04:22:00,0 days 00:38:00,0 days 02:56:00,0 days 09:40:00,0 days,0 days,0 days,0
2024-01-12 23:37:02.968411,2024-01-13 07:48:02.968411,0 days 02:17:00,0 days 02:45:00,0 days 00:44:00,0 days 02:25:00,0 days 08:11:00,0 days,0 days,0 days,1
2023-05-08 23:37:02.968742,2023-05-09 08:27:02.968742,0 days 02:00:00,0 days 02:37:00,0 days 00:52:00,0 days 03:21:00,0 days 08:50:00,0 days,0 days,0 days,0
2023-11-22 23:37:02.965287,2023-11-23 06:44:02.965287,0 days 00:59:00,0 days 02:36:00,0 days 00:42:00,0 days 02:50:00,0 days 07:07:00,0 days,0 days,0 days,0
2023-10-14 23:37:02.968237,2023-10-15 06:50:02.968237,0 days 00:42:00,0 days 03:16:00,0 days 00:50:00,0 days 02:25:00,0 days 07:13:00,0 days,0 days,0 days,0
2023-03-30 23:37:02.965537,2023-03-31 09:26:02.965537,0 days 01:59:00,0 days 03:41:00,0 days 00:55:00,0 days 03:14:00,0 days 09:49:00,0 days,0 days,0 days,0
2022-12-22 23:37:02.966540,2022-12-23 06:27:02.966540,0 days 00:56:00,0 days 01:56:00,0 days 00:45:00,0 days 03:13:00,0 days 06:50:00,0 days,0 days,0 days,0
2023-04-23 23:37:02.965168,2023-04-24 09:08:02.965168,0 days 02:33:00,0 days 04:06:00,0 days 00:20:00,0 days 02:32:00,0 days 09:31:00,0 days,0 days,0 days,0
2023-11-10 23:37:02.967001,2023-11-11 07:31:02.967001,0 days 00:58:00,0 days 03:36:00,0 days 00:25:00,0 days 02:55:00,0 days 07:54:00,0 days,0 days,0 days,0
2023-05-17 23:37:02.968302,2023-05-18 08:31:02.968302,0 days 01:24:00,0 days 03:11:00,0 days 00:38:00,0 days 03:41:00,0 days 08:54:00,0 days,0 days,0 days,0
2023-06-06 23:37:02.967825,2023-06-07 08:20:02.967825,0 days 00:35:00,0 days 03:42:00,0 days 00:36:00,0 days 03:50:00,0 days 08:43:00,0 days,0 days,0 days,0
2023-05-10 23:37:02.965625,2023-05-11 06:20:02.965625,0 days 01:44:00,0 days 03:25:00,0 days 00:26:00,0 days 01:08:00,0 days 06:43:00,0 days,0 days,0 days,0
2023-09-26 23:37:02.967609,2023-09-27 06:12:02.967609,0 days 00:36:00,0 days 01:53:00,0 days 00:15:00,0 days 03:51:00,0 days 06:35:00,0 days,0 days,0 days,0
2022-12-20 23:37:02.968667,2022-12-21 06:43:02.968667,0 days 02:40:00,0 days 02:15:00,0 days 00:42:00,0 days 01:29:00,0 days 07:06:00,0 days,0 days,0 days,0
2023-04-30 23:37:02.965310,2023-05-01 06:47:02.965310,0 days 02:02:00,0 days 01:45:00,0 days 00:45:00,0 days 02:38:00,0 days 07:10:00,0 days,0 days,0 days,0
2023-07-26 23:37:02.967656,2023-07-27 08:45:02.967656,0 days 01:38:00,0 days 03:54:00,0 days 00:49:00,0 days 02:47:00,0 days 09:08:00,0 days,0 days,0 days,0
2023-03-06 23:37:02.967009,2023-03-07 04:42:02.967009,0 days 01:53:00,0 days 01:21:00,0 days 00:25:00,0 days 01:26:00,0 days 05:05:00,0 days,0 days,0 days,0
2023-10-12 23:37:02.966823,2023-10-13 05:55:02.966823,0 days 02:07:00,0 days 01:10:00,0 days 00:55:00,0 days 02:06:00,0 days 06:18:00,0 days,0 days,0 days,0
2023-12-04 23:37:02.964995,2023-12-05 06:35:02.964995,0 days 01:58:00,0 days 02:10:00,0 days 00:23:00,0 days 02:27:00,0 days 06:58:00,0 days,0 days,0 days,0
2023-12-11 23:37:02.967417,2023-12-12 06:40:02.967417,0 days 02:38:00,0 days 01:07:00,0 days 00:43:00,0 days 02:35:00,0 days 07:03:00,0 days,0 days,0 days,0
2023-10-28 23:37:02.965602,2023-10-29 08:17:02.965602,0 days 02:20:00,0 days 03:23:00,0 days 00:19:00,0 days 02:38:00,0 days 08:40:00,0 days,0 days,0 days,0
2023-07-08 23:37:02.967991,2023-07-09 09:01:02.967991,0 days 02:48:00,0 days 04:10:00,0 days 00:35:00,0 days 01:51:00,0 days 09:24:00,0 days,0 days,0 days,0
2023-05-05 23:37:02.967080,2023-05-06 08:25:02.967080,0 days 01:32:00,0 days 04:33:00,0 days 00:16:00,0 days 02:27:00,0 days 08:48:00,0 days,0 days,0 days,0
2023-05-05 23:37:02.966224,2023-05-06 05:23:02.966224,0 days 00:44:00,0 days 03:36:00,0 days 00:22:00,0 days 01:04:00,0 days 05:46:00,0 days,0 days,0 days,0
2023-03-29 23:37:02.967520,2023-03-30 06:34:02.967520,0 days 00:55:00,0 days 02:11:00,0 days 00:16:00,0 days 03:35:00,0 days 06:57:00,0 days,0 days,0 days,0
2023-07-14 23:37:02.968825,2023-07-15 06:23:02.968825,0 days 00:40:00,0 days 02:03:00,0 days 00:35:00,0 days 03:28:00,0 days 06:46:00,0 days,0 days,0 days,0
2023-08-30 23:37:02.965968,2023-08-31 09:07:02.965968,0 days 02:16:00,0 days 04:58:00,0 days 00:59:00,0 days 01:17:00,0 days 09:30:00,0 days,0 days,0 days,0
2023-02-09 23:37:02.967343,2023-02-10 08:15:02.967343,0 days 00:57:00,0 days 03:00:00,0 days 00:57:00,0 days 03:44:00,0 days 08:38:00,0 days,0 days,0 days,0
2023-02-28 23:37:02.968725,2023-03-01 09:05:02.968725,0 days 00:50:00,0 days 04:46:00,0 days 00:28:00,0 days 03:24:00,0 days 09:28:00,0 days,0 days,0 days,0
2023-01-08 23:37:02.967449,2023-01-09 03:42:02.967449,0 days 01:02:00,0 days 01:00:00,0 days 00:33:00,0 days 01:30:00,0 days 04:05:00,0 days,0 days,0 days,0
2023-07-02 23:37:02.966839,2023-07-03 05:47:02.966839,0 days 01:09:00,0 days 01:24:00,0 days 00:19:00,0 days 03:18:00,0 days 06:10:00,0 days,0 days,0 days,0
2023-05-10 23:37:02.965327,2023-05-11 07:27:02.965327,0 days 01:36:00,0 days 02:43:00,0 days 00:38:00,0 days 02:53:00,0 days 07:50:00,0 days,0 days,0 days,0
2023-05-02 23:37:02.967800,2023-05-03 08:58:02.967800,0 days 00:45:00,0 days 04:23:00,0 days 00:52:00,0 days 03:21:00,0 days 09:21:00,0 days,0 days,0 days,0
2023-02-05 23:37:02.965295,2023-02-06 06:06:02.965295,0 days 00:33:00,0 days 01:34:00,0 days 00:31:00,0 days 03:51:00,0 days 06:29:00,0 days,0 days,0 days,0
2023-03-17 23:37:02.968528,2023-03-18 08:18:02.968528,0 days 02:36:00,0 days 02:07:00,0 days 00:36:00,0 days 03:22:00,0 days 08:41:00,0 days,0 days,0 days,0
2023-02-25 23:37:02.966288,2023-02-26 06:11:02.966288,0 days 00:30:00,0 days 01:45:00,0 days 00:51:00,0 days 03:28:00,0 days 06:34:00,0 days,0 days,0 days,0
2023-12-12 23:37:02.968443,2023-12-13 11:11:02.968443,0 days 02:52:00,0 days 04:29:00,0 days 00:46:00,0 days 03:27:00,0 days 11:34:00,0 days,0 days,0 days,0
2023-10-25 23:37:02.966410,2023-10-26 07:19:02.966410,0 days 02:44:00,0 days 02:32:00,0 days 00:22:00,0 days 02:04:00,0 days 07:42:00,0 days,0 days,0 days,0
2023-11-02 23:37:02.968857,2023-11-03 08:10:02.968857,0 days 02:56:00,0 days 01:25:00,0 days 00:43:00,0 days 03:29:00,0 days 08:33:00,0 days,0 days,0 days,0
2023-02-03 23:37:02.966394,2023-02-04 07:53:02.966394,0 days 00:37:00,0 days 03:36:00,0 days 00:53:00,0 days 03:10:00,0 days 08:16:00,0 days,0 days,0 days,0
2023-10-11 23:37:02.966248,2023-10-12 08:08:02.966248,0 days 01:43:00,0 days 02:43:00,0 days 00:52:00,0 days 03:13:00,0 days 08:31:00,0 days,0 days,0 days,0
2023-02-06 23:37:02.965358,2023-02-07 04:56:02.965358,0 days 01:26:00,0 days 01:35:00,0 days 00:59:00,0 days 01:19:00,0 days 05:19:00,0 days,0 days,0 days,0
2023-11-11 23:37:02.965279,2023-11-12 06:46:02.965279,0 days 01:20:00,0 days 04:01:00,0 days 00:22:00,0 days 01:26:00,0 days 07:09:00,0 days,0 days,0 days,0
2023-07-20 23:37:02.967649,2023-07-21 07:44:02.967649,0 days 01:29:00,0 days 03:46:00,0 days 00:24:00,0 days 02:28:00,0 days 08:07:00,0 days,0 days,0 days,0
2023-10-18 23:37:02.966777,2023-10-19 05:50:02.966777,0 days 01:21:00,0 days 01:03:00,0 days 00:22:00,0 days 03:27:00,0 days 06:13:00,0 days,0 days,0 days,0
2023-07-12 23:37:02.966909,2023-07-13 07:34:02.966909,0 days 01:08:00,0 days 03:38:00,0 days 00:32:00,0 days 02:39:00,0 days 07:57:00,0 days,0 days,0 days,0
2023-10-17 23:37:02.965058,2023-10-18 07:21:02.965058,0 days 01:21:00,0 days 02:35:00,0 days 00:18:00,0 days 03:30:00,0 days 07:44:00,0 days,0 days,0 days,0
2023-06-24 23:37:02.967401,2023-06-25 06:51:02.967401,0 days 01:07:00,0 days 02:23:00,0 days 00:37:00,0 days 03:07:00,0 days 07:14:00,0 days,0 days,0 days,0
2023-04-15 23:37:02.968555,2023-04-16 05:27:02.968555,0 days 01:13:00,0 days 02:36:00,0 days 00:56:00,0 days 01:05:00,0 days 05:50:00,0 days,0 days,0 days,0
2023-11-26 23:37:02.966175,2023-11-27 09:23:02.966175,0 days 02:54:00,0 days 04:44:00,0 days 00:16:00,0 days 01:52:00,0 days 09:46:00,0 days,0 days,0 days,0
2023-02-21 23:37:02.967104,2023-02-22 07:08:02.967104,0 days 02:11:00,0 days 03:48:00,0 days 00:22:00,0 days 01:10:00,0 days 07:31:00,0 days,0 days,0 days,0
2023-06-20 23:37:02.968426,2023-06-21 05:06:02.968426,0 days 01:39:00,0 days 01:43:00,0 days 00:23:00,0 days 01:44:00,0 days 05:29:00,0 days,0 days,0 days,0
2023-10-29 23:37:02.966425,2023-10-30 07:19:02.966425,0 days 00:37:00,0 days 03:41:00,0 days 00:49:00,0 days 02:35:00,0 days 07:42:00,0 days,0 days,0 days,0
2023-07-23 23:37:02.967976,2023-07-24 08:08:02.967976,0 days 01:27:00,0 days 02:59:00,0 days 00:53:00,0 days 03:12:00,0 days 08:31:00,0 days,0 days,0 days,0
2023-05-13 23:37:02.967241,2023-05-14 07:00:02.967241,0 days 00:49:00,0 days 04:07:00,0 days 00:38:00,0 days 01:49:00,0 days 07:23:00,0 days,0 days,0 days,0
2023-09-22 23:37:02.968191,2023-09-23 07:45:02.968191,0 days 00:51:00,0 days 03:50:00,0 days 00:51:00,0 days 02:36:00,0 days 08:08:00,0 days,0 days,0 days,0
2023-07-20 23:37:02.967641,2023-07-21 05:20:02.967641,0 days 02:00:00,0 days 01:36:00,0 days 00:18:00,0 days 01:49:00,0 days 05:43:00,0 days,0 days,0 days,0
2023-03-16 23:37:02.966952,2023-03-17 08:03:02.966952,0 days 02:05:00,0 days 04:47:00,0 days 00:18:00,0 days 01:16:00,0 days 08:26:00,0 days,0 days,0 days,0
2023-07-16 23:37:02.967359,2023-07-17 08:34:02.967359,0 days 02:43:00,0 days 02:47:00,0 days 00:34:00,0 days 02:53:00,0 days 08:57:00,0 days,0 days,0 days,0
2023-08-02 23:37:02.966089,2023-08-03 10:14:02.966089,0 days 01:46:00,0 days 04:54:00,0 days 00:17:00,0 days 03:40:00,0 days 10:37:00,0 days,0 days,0 days,0
2023-01-03 23:37:02.965937,2023-01-04 04:50:02.965937,0 days 01:17:00,0 days 02:00:00,0 days 00:31:00,0 days 01:25:00,0 days 05:13:00,0 days,0 days,0 days,0
2023-12-06 23:37:02.966105,2023-12-07 06:37:02.966105,0 days 01:53:00,0 days 02:04:00,0 days 00:51:00,0 days 02:12:00,0 days 07:00:00,0 days,0 days,0 days,0
2023-07-14 23:37:02.967769,2023-07-15 07:35:02.967769,0 days 02:53:00,0 days 01:11:00,0 days 00:31:00,0 days 03:23:00,0 days 07:58:00,0 days,0 days,0 days,0
2022-12-23 23:37:02.965690,2022-12-24 10:15:02.965690,0 days 02:40:00,0 days 04:24:00,0 days 00:42:00,0 days 02:52:00,0 days 10:38:00,0 days,0 days,0 days,0
2023-09-15 23:37:02.967873,2023-09-16 08:20:02.967873,0 days 02:19:00,0 days 02:19:00,0 days 00:17:00,0 days 03:48:00,0 days 08:43:00,0 days,0 days,0 days,0
2023-04-30 23:37:02.965594,2023-05-01 08:22:02.965594,0 days 00:38:00,0 days 04:18:00,0 days 00:42:00,0 days 03:07:00,0 days 08:45:00,0 days,0 days,0 days,0
2023-07-04 23:37:02.968547,2023-07-05 07:12:02.968547,0 days 00:55:00,0 days 02:52:00,0 days 00:16:00,0 days 03:32:00,0 days 07:35:00,0 days,0 days,0 days,0
2023-03-01 23:37:02.967536,2023-03-02 04:49:02.967536,0 days 00:44:00,0 days 01:42:00,0 days 00:37:00,0 days 02:09:00,0 days 05:12:00,0 days,0 days,0 days,0
2023-06-30 23:37:02.966611,2023-07-01 06:09:02.966611,0 days 02:11:00,0 days 02:37:00,0 days 00:26:00,0 days 01:18:00,0 days 06:32:00,0 days,0 days,0 days,0
2023-06-26 23:37:02.968610,2023-06-27 08:00:02.968610,0 days 00:33:00,0 days 04:41:00,0 days 00:20:00,0 days 02:49:00,0 days 08:23:00,0 days,0 days,0 days,0
2023-09-29 23:37:02.965866,2023-09-30 08:19:02.965866,0 days 02:41:00,0 days 03:17:00,0 days 00:31:00,0 days 02:13:00,0 days 08:42:00,0 days,0 days,0 days,0
2023-10-04 23:37:02.968881,2023-10-05 10:24:02.968881,0 days 01:55:00,0 days 04:55:00,0 days 00:16:00,0 days 03:41:00,0 days 10:47:00,0 days,0 days,0 days,0
2023-05-26 23:37:02.965051,2023-05-27 08:16:02.965051,0 days 01:11:00,0 days 03:03:00,0 days 00:27:00,0 days 03:58:00,0 days 08:39:00,0 days,0 days,0 days,0
2023-03-06 23:37:02.966402,2023-03-07 08:50:02.966402,0 days 02:19:00,0 days 03:41:00,0 days 00:47:00,0 days 02:26:00,0 days 09:13:00,0 days,0 days,0 days,0
2024-01-02 23:37:02.965464,2024-01-03 11:42:02.965464,0 days 02:53:00,0 days 04:37:00,0 days 00:40:00,0 days 03:55:00,0 days 12:05:00,0 days,0 days,0 days,1
2023-12-11 23:37:02.965745,2023-12-12 08:13:02.965745,0 days 01:59:00,0 days 03:15:00,0 days 00:42:00,0 days 02:40:00,0 days 08:36:00,0 days,0 days,0 days,0
2023-11-22 23:37:02.967057,2023-11-23 07:10:02.967057,0 days 02:40:00,0 days 02:32:00,0 days 00:58:00,0 days 01:23:00,0 days 07:33:00,0 days,0 days,0 days,0
2023-10-03 23:37:02.967680,2023-10-04 04:06:02.967680,0 days 00:31:00,0 days 02:03:00,0 days 00:49:00,0 days 01:06:00,0 days 04:29:00,0 days,0 days,0 days,0
2023-08-28 23:37:02.968363,2023-08-29 09:40:02.968363,0 days 02:27:00,0 days 04:56:00,0 days 00:20:00,0 days 02:20:00,0 days 10:03:00,0 days,0 days,0 days,0
2023-05-20 23:37:02.965713,2023-05-21 06:10:02.965713,0 days 02:56:00,0 days 01:19:00,0 days 00:32:00,0 days 01:46:00,0 days 06:33:00,0 days,0 days,0 days,0
